monitor,threshold,alert,end_position,reason,score,start_position
gmm,-67.45792380813624,True,256,,-61.8000873116825,1
gmm,-67.45792380813624,True,320,,-61.078970041418096,65
gmm,-67.45792380813624,True,384,,-59.67160102730104,129
gmm,-67.45792380813624,True,448,,-59.42434801474126,193
gmm,-67.45792380813624,True,512,,-59.56389889358325,257
gmm,-67.45792380813624,True,576,,-60.231513852592855,321
gmm,-67.45792380813624,True,640,,-61.025694298299115,385
gmm,-67.45792380813624,True,704,,-60.865867894679795,449
gmm,-67.45792380813624,True,768,,-60.848110969269314,513
gmm,-67.45792380813624,True,832,,-61.88084892864207,577
gmm,-67.45792380813624,True,896,,-63.69858603566716,641
gmm,-67.45792380813624,True,960,,-65.59493723753802,705
gmm,-67.45792380813624,True,1024,,-66.58507696238301,769
gmm,-67.45792380813624,True,1088,,-66.5029199176697,833
gmm,-67.45792380813624,True,1152,,-65.88059531290126,897
gmm,-67.45792380813624,True,1216,,-65.02061363936443,961
gmm,-67.45792380813624,True,1280,,-63.51255340607348,1025
gmm,-67.45792380813624,True,1344,,-60.998950457045765,1089
gmm,-67.45792380813624,True,1408,,-59.29869342482741,1153
gmm,-67.45792380813624,True,1472,,-58.70297741805551,1217
gmm,-67.45792380813624,True,1536,,-58.96969438021003,1281
gmm,-67.45792380813624,True,1600,,-60.44780909149084,1345
gmm,-67.45792380813624,True,1664,,-60.25428483224821,1409
gmm,-67.45792380813624,True,1728,,-60.91837914516871,1473
gmm,-67.45792380813624,True,1792,,-62.7632739715809,1537
gmm,-67.45792380813624,True,1856,,-63.53149361384565,1601
gmm,-67.45792380813624,True,1920,,-66.74052858729735,1665
gmm,-67.45792380813624,False,1984,,-68.15359382988207,1729
gmm,-67.45792380813624,True,2048,,-66.56220872595985,1793
gmm,-67.45792380813624,True,2112,,-67.20929251368577,1857
gmm,-67.45792380813624,True,2176,,-66.77950139329185,1921
gmm,-67.45792380813624,True,2240,,-66.11957684735532,1985
gmm,-67.45792380813624,True,2304,,-67.32051868590132,2049
gmm,-67.45792380813624,True,2368,,-65.87333737226434,2113
gmm,-67.45792380813624,True,2432,,-64.08913110894171,2177
gmm,-67.45792380813624,True,2496,,-64.22874709537062,2241
gmm,-67.45792380813624,True,2560,,-63.86307119127376,2305
gmm,-67.45792380813624,True,2624,,-65.11990301058721,2369
gmm,-67.45792380813624,True,2688,,-66.83104744440242,2433
gmm,-67.45792380813624,True,2752,,-67.39494786712035,2497
gmm,-67.45792380813624,False,2816,,-68.41789754899594,2561
gmm,-67.45792380813624,False,2880,,-70.27031359541496,2625
gmm,-67.45792380813624,False,2944,,-73.89092539299793,2689
gmm,-67.45792380813624,True,3008,,16068.241759917199,2753
gmm,-67.45792380813624,True,3072,,16069.957992434043,2817
gmm,-67.45792380813624,True,3136,,16072.845369091361,2881
gmm,-67.45792380813624,True,3200,,16077.578987061917,2945
gmm,-67.45792380813624,True,3264,,-62.634494478103065,3009
gmm,-67.45792380813624,True,3328,,-62.44804746953922,3073
gmm,-67.45792380813624,True,3392,,-62.236642853949874,3137
gmm,-67.45792380813624,True,3456,,-62.024703488294094,3201
gmm,-67.45792380813624,True,3520,,-62.17266045798135,3265
gmm,-67.45792380813624,True,3584,,-62.67943873855404,3329
gmm,-67.45792380813624,True,3648,,-62.7832908232009,3393
gmm,-67.45792380813624,True,3712,,-63.23970395690378,3457
gmm,-67.45792380813624,True,3776,,-63.27473231848852,3521
gmm,-67.45792380813624,True,3840,,-62.92486570567415,3585
gmm,-67.45792380813624,True,3904,,-63.19259337220136,3649
gmm,-67.45792380813624,True,3968,,-62.817455829970626,3713
gmm,-67.45792380813624,True,4032,,-62.64856976219755,3777
gmm,-67.45792380813624,True,4096,,-62.33098330531732,3841
gmm,-67.45792380813624,True,4160,,-60.437164162085125,3905
gmm,-67.45792380813624,True,4224,,-55.58360503429945,3969
gmm,-67.45792380813624,True,4288,,-54.73156440876548,4033
gmm,-67.45792380813624,True,4352,,-54.90582603646246,4097
gmm,-67.45792380813624,True,4416,,-56.66345855553236,4161
gmm,-67.45792380813624,True,4480,,-61.185727006419995,4225
gmm,-67.45792380813624,True,4544,,-62.118221207619,4289
gmm,-67.45792380813624,True,4608,,-62.21347795142793,4353
gmm,-67.45792380813624,True,4672,,-61.635391397331965,4417
gmm,-67.45792380813624,True,4736,,-61.684358653525734,4481
gmm,-67.45792380813624,True,4800,,-62.08034773092065,4545
gmm,-67.45792380813624,True,4864,,-62.31789678797092,4609
gmm,-67.45792380813624,True,4928,,-62.360724082755176,4673
gmm,-67.45792380813624,True,4992,,-62.67283250840772,4737
gmm,-67.45792380813624,True,5056,,-61.7873724921343,4801
gmm,-67.45792380813624,True,5120,,-60.153493414660836,4865
gmm,-67.45792380813624,True,5184,,-60.05312368664148,4929
gmm,-67.45792380813624,True,5248,,-60.22258029104399,4993
gmm,-67.45792380813624,True,5312,,-60.90445285948043,5057
gmm,-67.45792380813624,True,5376,,-61.06627235628365,5121
gmm,-67.45792380813624,True,5440,,-59.49879320355283,5185
gmm,-67.45792380813624,True,5504,,-59.31271237079634,5249
gmm,-67.45792380813624,True,5568,,-59.15409056727729,5313
gmm,-67.45792380813624,True,5632,,-60.36292851124379,5377
gmm,-67.45792380813624,True,5696,,-62.39891941476161,5441
gmm,-67.45792380813624,True,5760,,-62.41393938608961,5505
gmm,-67.45792380813624,True,5824,,-62.872858662882194,5569
gmm,-67.45792380813624,True,5888,,-62.48449909985173,5633
gmm,-67.45792380813624,True,5952,,-62.36795682199043,5697
gmm,-67.45792380813624,True,6016,,-62.23456852548951,5761
gmm,-67.45792380813624,True,6080,,-61.308073934535045,5825
gmm,-67.45792380813624,True,6144,,-62.31905404292955,5889
gmm,-67.45792380813624,True,6208,,-62.65028055130277,5953
gmm,-67.45792380813624,True,6272,,-62.128090452999444,6017
gmm,-67.45792380813624,True,6336,,-61.76979078205956,6081
gmm,-67.45792380813624,True,6400,,-60.08584619831824,6145
gmm,-67.45792380813624,True,6464,,-60.54804185972103,6209
gmm,-67.45792380813624,True,6528,,-62.665064575177226,6273
gmm,-67.45792380813624,True,6592,,-65.2804497531997,6337
gmm,-67.45792380813624,True,6656,,-67.39023488405519,6401
gmm,-67.45792380813624,False,6720,,-67.9300091479713,6465
gmm,-67.45792380813624,False,6784,,-67.94847834969778,6529
gmm,-67.45792380813624,True,6848,,-67.07871701967235,6593
gmm,-67.45792380813624,True,6912,,-66.8527975205147,6657
gmm,-67.45792380813624,True,6976,,-67.27191075619017,6721
gmm,-67.45792380813624,True,7040,,-67.43872791561121,6785
gmm,-67.45792380813624,False,7104,,-67.80597835754389,6849
gmm,-67.45792380813624,False,7168,,-68.27905450320394,6913
gmm,-67.45792380813624,True,7232,,-67.37814459541698,6977
gmm,-67.45792380813624,True,7296,,-66.02122652747278,7041
gmm,-67.45792380813624,True,7360,,-65.50922588707327,7105
gmm,-67.45792380813624,True,7424,,-65.82466710965457,7169
gmm,-67.45792380813624,True,7488,,-66.23837997307234,7233
gmm,-67.45792380813624,True,7552,,-66.55935046223566,7297
gmm,-67.45792380813624,True,7616,,-65.8310637402519,7361
gmm,-67.45792380813624,True,7680,,-65.125202219373,7425
gmm,-67.45792380813624,True,7744,,-65.34444384761262,7489
gmm,-67.45792380813624,True,7808,,-66.11690131454995,7553
gmm,-67.45792380813624,False,7872,,-67.51297016313401,7617
gmm,-67.45792380813624,False,7936,,-68.15901875537384,7681
gmm,-67.45792380813624,False,8000,,-68.37190445459964,7745
gmm,-67.45792380813624,False,8064,,-68.26451934756915,7809
gmm,-67.45792380813624,False,8128,,-68.10713168895887,7873
gmm,-67.45792380813624,False,8192,,-67.73951646885556,7937
gmm,-67.45792380813624,True,8256,,-67.10922273347435,8001
gmm,-67.45792380813624,False,8320,,-67.58311597488549,8065
gmm,-67.45792380813624,False,8384,,-67.77835683639836,8129
gmm,-67.45792380813624,False,8448,,-67.46691322903096,8193
gmm,-67.45792380813624,True,8512,,-66.34110496610057,8257
gmm,-67.45792380813624,True,8576,,-64.57756992662533,8321
gmm,-67.45792380813624,True,8640,,-62.755281620418685,8385
mmd,0.01662655786449553,True,256,,0.43680506260007923,1
mmd,0.01662655786449553,True,320,,0.4106119450774417,65
mmd,0.01662655786449553,True,384,,0.40826088942434835,129
mmd,0.01662655786449553,True,448,,0.4315480518317609,193
mmd,0.01662655786449553,True,512,,0.40903055127462884,257
mmd,0.01662655786449553,True,576,,0.3736981332048084,321
mmd,0.01662655786449553,True,640,,0.43335627911570773,385
mmd,0.01662655786449553,True,704,,0.6123010162172394,449
mmd,0.01662655786449553,True,768,,0.7549267468244889,513
mmd,0.01662655786449553,True,832,,0.7242133334122314,577
mmd,0.01662655786449553,True,896,,0.669847654981518,641
mmd,0.01662655786449553,True,960,,0.653898969349082,705
mmd,0.01662655786449553,True,1024,,0.6576083500877417,769
mmd,0.01662655786449553,True,1088,,0.6639276265966778,833
mmd,0.01662655786449553,True,1152,,0.6682585533601803,897
mmd,0.01662655786449553,True,1216,,0.6362909999711788,961
mmd,0.01662655786449553,True,1280,,0.6888626489196219,1025
mmd,0.01662655786449553,True,1344,,0.7935076169895303,1089
mmd,0.01662655786449553,True,1408,,0.832698726165512,1153
mmd,0.01662655786449553,True,1472,,0.8816518510584265,1217
mmd,0.01662655786449553,True,1536,,0.7956395060555137,1281
mmd,0.01662655786449553,True,1600,,0.7312171202862225,1345
mmd,0.01662655786449553,True,1664,,0.7611750321974565,1409
mmd,0.01662655786449553,True,1728,,0.7396066529949589,1473
mmd,0.01662655786449553,True,1792,,0.6772300302641651,1537
mmd,0.01662655786449553,True,1856,,0.6217703986339307,1601
mmd,0.01662655786449553,True,1920,,0.553058206006921,1665
mmd,0.01662655786449553,True,1984,,0.5549248629047014,1729
mmd,0.01662655786449553,True,2048,,0.5679125086471029,1793
mmd,0.01662655786449553,True,2112,,0.5639559532454321,1857
mmd,0.01662655786449553,True,2176,,0.5889784133122327,1921
mmd,0.01662655786449553,True,2240,,0.545556994380686,1985
mmd,0.01662655786449553,True,2304,,0.4903860378364766,2049
mmd,0.01662655786449553,True,2368,,0.5045230824133541,2113
mmd,0.01662655786449553,True,2432,,0.48948899133577894,2177
mmd,0.01662655786449553,True,2496,,0.4997671091528517,2241
mmd,0.01662655786449553,True,2560,,0.5350865905959189,2305
mmd,0.01662655786449553,True,2624,,0.5308589442901742,2369
mmd,0.01662655786449553,True,2688,,0.548569908521719,2433
mmd,0.01662655786449553,True,2752,,0.4323206882147551,2497
mmd,0.01662655786449553,True,2816,,0.30833914559386555,2561
mmd,0.01662655786449553,True,2880,,0.21657437318263462,2625
mmd,0.01662655786449553,True,2944,,0.2092596880871691,2689
mmd,0.01662655786449553,True,3008,,0.1775937413747346,2753
mmd,0.01662655786449553,True,3072,,0.09978041514875002,2817
mmd,0.01662655786449553,True,3136,,0.17755589117005277,2881
mmd,0.01662655786449553,True,3200,,0.40461247345991,2945
mmd,0.01662655786449553,True,3264,,0.5641001999640535,3009
mmd,0.01662655786449553,True,3328,,0.5723952526347804,3073
mmd,0.01662655786449553,True,3392,,0.5724460877711184,3137
mmd,0.01662655786449553,True,3456,,0.5822221776950314,3201
mmd,0.01662655786449553,True,3520,,0.5792894905083101,3265
mmd,0.01662655786449553,True,3584,,0.5620400471396189,3329
mmd,0.01662655786449553,True,3648,,0.5686564081270283,3393
mmd,0.01662655786449553,True,3712,,0.5676816979434214,3457
mmd,0.01662655786449553,True,3776,,0.579838728275729,3521
mmd,0.01662655786449553,True,3840,,0.5854151536062657,3585
mmd,0.01662655786449553,True,3904,,0.5662281265848002,3649
mmd,0.01662655786449553,True,3968,,0.559814566056973,3713
mmd,0.01662655786449553,True,4032,,0.5507217510276642,3777
mmd,0.01662655786449553,True,4096,,0.5477015118649379,3841
mmd,0.01662655786449553,True,4160,,0.5220595944881197,3905
mmd,0.01662655786449553,True,4224,,0.4669876980495874,3969
mmd,0.01662655786449553,True,4288,,0.4738163694578449,4033
mmd,0.01662655786449553,True,4352,,0.5031760087671229,4097
mmd,0.01662655786449553,True,4416,,0.5486164079767214,4161
mmd,0.01662655786449553,True,4480,,0.5778600281971532,4225
mmd,0.01662655786449553,True,4544,,0.5948201085161791,4289
mmd,0.01662655786449553,True,4608,,0.5905134528582971,4353
mmd,0.01662655786449553,True,4672,,0.5616621802549653,4417
mmd,0.01662655786449553,True,4736,,0.5528236041319438,4481
mmd,0.01662655786449553,True,4800,,0.5573504234890644,4545
mmd,0.01662655786449553,True,4864,,0.5613308425846032,4609
mmd,0.01662655786449553,True,4928,,0.5735025947500576,4673
mmd,0.01662655786449553,True,4992,,0.5794005014371092,4737
mmd,0.01662655786449553,True,5056,,0.5649086110348972,4801
mmd,0.01662655786449553,True,5120,,0.5847885682813705,4865
mmd,0.01662655786449553,True,5184,,0.6533303705172615,4929
mmd,0.01662655786449553,True,5248,,0.6425210579863956,4993
mmd,0.01662655786449553,True,5312,,0.6421322173094947,5057
mmd,0.01662655786449553,True,5376,,0.6200753206703986,5121
mmd,0.01662655786449553,True,5440,,0.603529563316614,5185
mmd,0.01662655786449553,True,5504,,0.6108697870265536,5249
mmd,0.01662655786449553,True,5568,,0.5912438481626203,5313
mmd,0.01662655786449553,True,5632,,0.572531167867533,5377
mmd,0.01662655786449553,True,5696,,0.5758432743758289,5441
mmd,0.01662655786449553,True,5760,,0.596101516247529,5505
mmd,0.01662655786449553,True,5824,,0.5982550377527267,5569
mmd,0.01662655786449553,True,5888,,0.5985043045639364,5633
mmd,0.01662655786449553,True,5952,,0.5973303048895591,5697
mmd,0.01662655786449553,True,6016,,0.5874840411353539,5761
mmd,0.01662655786449553,True,6080,,0.5786474999415614,5825
mmd,0.01662655786449553,True,6144,,0.5668627400736606,5889
mmd,0.01662655786449553,True,6208,,0.5622465938202433,5953
mmd,0.01662655786449553,True,6272,,0.5411847535405514,6017
mmd,0.01662655786449553,True,6336,,0.5237406164880876,6081
mmd,0.01662655786449553,True,6400,,0.4936829108237286,6145
mmd,0.01662655786449553,True,6464,,0.4609994660908837,6209
mmd,0.01662655786449553,True,6528,,0.43764704876340454,6273
mmd,0.01662655786449553,True,6592,,0.4450463998439933,6337
mmd,0.01662655786449553,True,6656,,0.4340855351050773,6401
mmd,0.01662655786449553,True,6720,,0.441054537700018,6465
mmd,0.01662655786449553,True,6784,,0.4373124490481539,6529
mmd,0.01662655786449553,True,6848,,0.4176965035419462,6593
mmd,0.01662655786449553,True,6912,,0.40892491390336594,6657
mmd,0.01662655786449553,True,6976,,0.4130758497395213,6721
mmd,0.01662655786449553,True,7040,,0.41377436949375535,6785
mmd,0.01662655786449553,True,7104,,0.42145259749349684,6849
mmd,0.01662655786449553,True,7168,,0.4297346739937803,6913
mmd,0.01662655786449553,True,7232,,0.421846218469648,6977
mmd,0.01662655786449553,True,7296,,0.4469074239627452,7041
mmd,0.01662655786449553,True,7360,,0.514842652976733,7105
mmd,0.01662655786449553,True,7424,,0.4996885961917824,7169
mmd,0.01662655786449553,True,7488,,0.5095948006500075,7233
mmd,0.01662655786449553,True,7552,,0.4787880433665619,7297
mmd,0.01662655786449553,True,7616,,0.461724056128905,7361
mmd,0.01662655786449553,True,7680,,0.48788509978299477,7425
mmd,0.01662655786449553,True,7744,,0.461401519103357,7489
mmd,0.01662655786449553,True,7808,,0.44304688175339557,7553
mmd,0.01662655786449553,True,7872,,0.42835045078848777,7617
mmd,0.01662655786449553,True,7936,,0.44153431710310165,7681
mmd,0.01662655786449553,True,8000,,0.4386409889446701,7745
mmd,0.01662655786449553,True,8064,,0.44061095398648986,7809
mmd,0.01662655786449553,True,8128,,0.4369024825998885,7873
mmd,0.01662655786449553,True,8192,,0.43400320898297307,7937
mmd,0.01662655786449553,True,8256,,0.43157375650340046,8001
mmd,0.01662655786449553,True,8320,,0.42095682684034186,8065
mmd,0.01662655786449553,True,8384,,0.41716397224859825,8129
mmd,0.01662655786449553,True,8448,,0.40557109795079493,8193
mmd,0.01662655786449553,True,8512,,0.3935544102218528,8257
mmd,0.01662655786449553,True,8576,,0.3913878787796722,8321
mmd,0.01662655786449553,True,8640,,0.3969910657904627,8385
psi,0.12001239829542137,True,256,,5.8347912565135776,1
psi,0.12001239829542137,True,320,,5.8347912565135776,65
psi,0.12001239829542137,True,384,,5.8347912565135776,129
psi,0.12001239829542137,True,448,,5.8347912565135776,193
psi,0.12001239829542137,True,512,,5.8347912565135776,257
psi,0.12001239829542137,True,576,,5.8347912565135776,321
psi,0.12001239829542137,True,640,,5.8347912565135776,385
psi,0.12001239829542137,True,704,,5.8347912565135776,449
psi,0.12001239829542137,True,768,,5.8347912565135776,513
psi,0.12001239829542137,True,832,,5.8347912565135776,577
psi,0.12001239829542137,True,896,,5.8347912565135776,641
psi,0.12001239829542137,True,960,,5.8347912565135776,705
psi,0.12001239829542137,True,1024,,5.8347912565135776,769
psi,0.12001239829542137,True,1088,,6.115586410203573,833
psi,0.12001239829542137,True,1152,,5.8347912565135776,897
psi,0.12001239829542137,True,1216,,5.8347912565135776,961
psi,0.12001239829542137,True,1280,,5.8347912565135776,1025
psi,0.12001239829542137,True,1344,,5.8347912565135776,1089
psi,0.12001239829542137,True,1408,,5.8347912565135776,1153
psi,0.12001239829542137,True,1472,,5.8347912565135776,1217
psi,0.12001239829542137,True,1536,,5.8347912565135776,1281
psi,0.12001239829542137,True,1600,,5.8347912565135776,1345
psi,0.12001239829542137,True,1664,,5.8347912565135776,1409
psi,0.12001239829542137,True,1728,,5.8347912565135776,1473
psi,0.12001239829542137,True,1792,,5.8347912565135776,1537
psi,0.12001239829542137,True,1856,,5.8347912565135776,1601
psi,0.12001239829542137,True,1920,,5.8347912565135776,1665
psi,0.12001239829542137,True,1984,,5.8347912565135776,1729
psi,0.12001239829542137,True,2048,,5.8347912565135776,1793
psi,0.12001239829542137,True,2112,,5.8347912565135776,1857
psi,0.12001239829542137,True,2176,,5.8347912565135776,1921
psi,0.12001239829542137,True,2240,,5.8347912565135776,1985
psi,0.12001239829542137,True,2304,,5.8347912565135776,2049
psi,0.12001239829542137,True,2368,,5.8347912565135776,2113
psi,0.12001239829542137,True,2432,,5.8347912565135776,2177
psi,0.12001239829542137,True,2496,,5.8347912565135776,2241
psi,0.12001239829542137,True,2560,,5.8347912565135776,2305
psi,0.12001239829542137,True,2624,,5.8347912565135776,2369
psi,0.12001239829542137,True,2688,,5.8347912565135776,2433
psi,0.12001239829542137,True,2752,,2.5588625045750355,2497
psi,0.12001239829542137,True,2816,,2.830043680327553,2561
psi,0.12001239829542137,True,2880,,2.649975085393014,2625
psi,0.12001239829542137,True,2944,,2.5476733241706992,2689
psi,0.12001239829542137,True,3008,,2.2660066050145278,2753
psi,0.12001239829542137,True,3072,,2.198821898586182,2817
psi,0.12001239829542137,True,3136,,3.1256012788990115,2881
psi,0.12001239829542137,True,3200,,4.480922604180171,2945
psi,0.12001239829542137,True,3264,,6.417214409981627,3009
psi,0.12001239829542137,True,3328,,6.624545178773714,3073
psi,0.12001239829542137,True,3392,,6.951557606738022,3137
psi,0.12001239829542137,True,3456,,7.303828468817517,3201
psi,0.12001239829542137,True,3520,,6.718387243925177,3265
psi,0.12001239829542137,True,3584,,6.411407337941195,3329
psi,0.12001239829542137,True,3648,,5.9708828400533065,3393
psi,0.12001239829542137,True,3712,,5.8347912565135776,3457
psi,0.12001239829542137,True,3776,,6.184067981658666,3521
psi,0.12001239829542137,True,3840,,5.963084547884847,3585
psi,0.12001239829542137,True,3904,,5.8347912565135776,3649
psi,0.12001239829542137,True,3968,,5.8347912565135776,3713
psi,0.12001239829542137,True,4032,,5.8347912565135776,3777
psi,0.12001239829542137,True,4096,,5.8347912565135776,3841
psi,0.12001239829542137,True,4160,,4.046561564447318,3905
psi,0.12001239829542137,True,4224,,4.010400034576483,3969
psi,0.12001239829542137,True,4288,,4.697949933319185,4033
psi,0.12001239829542137,True,4352,,5.500648533857181,4097
psi,0.12001239829542137,True,4416,,6.80443033614158,4161
psi,0.12001239829542137,True,4480,,8.128939279075244,4225
psi,0.12001239829542137,True,4544,,8.26734159555755,4289
psi,0.12001239829542137,True,4608,,8.419467976844064,4353
psi,0.12001239829542137,True,4672,,7.785147747355694,4417
psi,0.12001239829542137,True,4736,,7.281904964739696,4481
psi,0.12001239829542137,True,4800,,7.115363035995802,4545
psi,0.12001239829542137,True,4864,,6.768616457696136,4609
psi,0.12001239829542137,True,4928,,7.23264518853855,4673
psi,0.12001239829542137,True,4992,,7.940373922698686,4737
psi,0.12001239829542137,True,5056,,7.3597204649044485,4801
psi,0.12001239829542137,True,5120,,7.188362214857299,4865
psi,0.12001239829542137,True,5184,,7.13059234621061,4929
psi,0.12001239829542137,True,5248,,7.997809420400609,4993
psi,0.12001239829542137,True,5312,,7.13059234621061,5057
psi,0.12001239829542137,True,5376,,7.13059234621061,5121
psi,0.12001239829542137,True,5440,,7.925175870514911,5185
psi,0.12001239829542137,True,5504,,7.722122459380301,5249
psi,0.12001239829542137,True,5568,,7.997809420400609,5313
psi,0.12001239829542137,True,5632,,8.017873543667728,5377
psi,0.12001239829542137,True,5696,,7.3597204649044485,5441
psi,0.12001239829542137,True,5760,,7.430998847864782,5505
psi,0.12001239829542137,True,5824,,7.4826291531664015,5569
psi,0.12001239829542137,True,5888,,7.997809420400609,5633
psi,0.12001239829542137,True,5952,,7.671751025263063,5697
psi,0.12001239829542137,True,6016,,8.10210122895672,5761
psi,0.12001239829542137,True,6080,,7.616897272015007,5825
psi,0.12001239829542137,True,6144,,7.4676977442625265,5889
psi,0.12001239829542137,True,6208,,7.240397842788279,5953
psi,0.12001239829542137,True,6272,,6.272020885009293,6017
psi,0.12001239829542137,True,6336,,5.8347912565135776,6081
psi,0.12001239829542137,True,6400,,5.8347912565135776,6145
psi,0.12001239829542137,True,6464,,5.8347912565135776,6209
psi,0.12001239829542137,True,6528,,5.8347912565135776,6273
psi,0.12001239829542137,True,6592,,5.8347912565135776,6337
psi,0.12001239829542137,True,6656,,5.8347912565135776,6401
psi,0.12001239829542137,True,6720,,5.8347912565135776,6465
psi,0.12001239829542137,True,6784,,5.8347912565135776,6529
psi,0.12001239829542137,True,6848,,5.8347912565135776,6593
psi,0.12001239829542137,True,6912,,5.8347912565135776,6657
psi,0.12001239829542137,True,6976,,5.8347912565135776,6721
psi,0.12001239829542137,True,7040,,5.8347912565135776,6785
psi,0.12001239829542137,True,7104,,5.8347912565135776,6849
psi,0.12001239829542137,True,7168,,5.8347912565135776,6913
psi,0.12001239829542137,True,7232,,5.8347912565135776,6977
psi,0.12001239829542137,True,7296,,5.8347912565135776,7041
psi,0.12001239829542137,True,7360,,5.8347912565135776,7105
psi,0.12001239829542137,True,7424,,5.8347912565135776,7169
psi,0.12001239829542137,True,7488,,5.8347912565135776,7233
psi,0.12001239829542137,True,7552,,5.8347912565135776,7297
psi,0.12001239829542137,True,7616,,5.8347912565135776,7361
psi,0.12001239829542137,True,7680,,5.8347912565135776,7425
psi,0.12001239829542137,True,7744,,5.8347912565135776,7489
psi,0.12001239829542137,True,7808,,5.8347912565135776,7553
psi,0.12001239829542137,True,7872,,5.8347912565135776,7617
psi,0.12001239829542137,True,7936,,5.8347912565135776,7681
psi,0.12001239829542137,True,8000,,5.8347912565135776,7745
psi,0.12001239829542137,True,8064,,5.8347912565135776,7809
psi,0.12001239829542137,True,8128,,5.8347912565135776,7873
psi,0.12001239829542137,True,8192,,5.8347912565135776,7937
psi,0.12001239829542137,True,8256,,5.8347912565135776,8001
psi,0.12001239829542137,True,8320,,5.8347912565135776,8065
psi,0.12001239829542137,True,8384,,5.8347912565135776,8129
psi,0.12001239829542137,True,8448,,5.8347912565135776,8193
psi,0.12001239829542137,True,8512,,5.8347912565135776,8257
psi,0.12001239829542137,True,8576,,5.8347912565135776,8321
psi,0.12001239829542137,True,8640,,5.8347912565135776,8385
