population,detector,rows,domains,analysis_role,false_positives,negative_count,positive_count,recall,threshold,true_positives,undefined_reason
internal,cascade,34593,29566,descriptive_score_curve_not_deployment_threshold,172,20267,14326,0.9870166131509144,0.25321325152219915,14140,
internal,length_only,34593,29566,descriptive_score_curve_not_deployment_threshold,186,20267,14326,0.3677230210805528,0.7409109100006338,5268,
internal,logistic_l1,34593,29566,descriptive_score_curve_not_deployment_threshold,172,20267,14326,0.9870166131509144,0.25321325152219915,14140,
internal,seed_42.cascade,34593,29566,descriptive_score_curve_not_deployment_threshold,172,20267,14326,0.9870166131509144,0.25321325152219915,14140,
internal,seed_42.transformer,34593,29566,descriptive_score_curve_not_deployment_threshold,194,20267,14326,0.9932290939550468,0.035460762679576874,14229,
internal,seed_43.cascade,34593,29566,descriptive_score_curve_not_deployment_threshold,172,20267,14326,0.9870166131509144,0.25321325152219915,14140,
internal,seed_43.transformer,34593,29566,descriptive_score_curve_not_deployment_threshold,200,20267,14326,0.993368700265252,0.14274992048740387,14231,
internal,seed_44.cascade,34593,29566,descriptive_score_curve_not_deployment_threshold,172,20267,14326,0.9870166131509144,0.25321325152219915,14140,
internal,seed_44.transformer,34593,29566,descriptive_score_curve_not_deployment_threshold,181,20267,14326,0.9934385034203546,0.03389982134103775,14232,
internal,seed_45.cascade,34593,29566,descriptive_score_curve_not_deployment_threshold,172,20267,14326,0.9870166131509144,0.25321325152219915,14140,
internal,seed_45.transformer,34593,29566,descriptive_score_curve_not_deployment_threshold,190,20267,14326,0.9932988971101494,0.05662069469690323,14230,
internal,seed_46.cascade,34593,29566,descriptive_score_curve_not_deployment_threshold,172,20267,14326,0.9870166131509144,0.25321325152219915,14140,
internal,seed_46.transformer,34593,29566,descriptive_score_curve_not_deployment_threshold,197,20267,14326,0.9931592907999441,0.019101500511169434,14228,
internal,tabular.formatting,34593,29566,descriptive_score_curve_not_deployment_threshold,0,20267,14326,0.6042161105681977,0.999925571711023,8656,
internal,tabular.permutation_42,34593,29566,descriptive_score_curve_not_deployment_threshold,196,20267,14326,0.15649867374005305,0.5040494731388916,2242,
internal,tabular.permutation_43,34593,29566,descriptive_score_curve_not_deployment_threshold,190,20267,14326,0.3317743962027084,0.5031525171141379,4753,
internal,tabular.permutation_44,34593,29566,descriptive_score_curve_not_deployment_threshold,188,20267,14326,0.1115454418539718,0.5058534904633163,1598,
internal,tabular.permutation_45,34593,29566,descriptive_score_curve_not_deployment_threshold,199,20267,14326,0.052561775792265814,0.5085227841671449,753,
internal,tabular.permutation_46,34593,29566,descriptive_score_curve_not_deployment_threshold,198,20267,14326,0.5351807901717157,0.5014771819719783,7667,
internal,tabular.random_forest,34593,29566,descriptive_score_curve_not_deployment_threshold,202,20267,14326,0.9923216529387129,0.14908992529001114,14216,
internal,transformer,34593,29566,descriptive_score_curve_not_deployment_threshold,194,20267,14326,0.9932290939550468,0.035460762679576874,14229,
gold_plus_certified,cascade,2566,303,descriptive_score_curve_not_deployment_threshold,24,2497,69,0.2898550724637681,0.9999922320874516,20,
gold_plus_certified,length_only,2566,303,descriptive_score_curve_not_deployment_threshold,15,2497,69,0.21739130434782608,0.83112212364432,15,
gold_plus_certified,logistic_l1,2566,303,descriptive_score_curve_not_deployment_threshold,24,2497,69,0.2898550724637681,0.9999922320874516,20,
gold_plus_certified,policy,2566,303,descriptive_score_curve_not_deployment_threshold,13,2497,69,0.17391304347826086,0.999997615814209,12,
gold_plus_certified,seed_42.cascade,2566,303,descriptive_score_curve_not_deployment_threshold,24,2497,69,0.2898550724637681,0.9999922320874516,20,
gold_plus_certified,seed_42.transformer,2566,303,descriptive_score_curve_not_deployment_threshold,13,2497,69,0.10144927536231885,0.999997615814209,7,
gold_plus_certified,seed_43.cascade,2566,303,descriptive_score_curve_not_deployment_threshold,24,2497,69,0.2898550724637681,0.9999922320874516,20,
gold_plus_certified,seed_43.transformer,2566,303,descriptive_score_curve_not_deployment_threshold,18,2497,69,0.028985507246376812,0.9999986886978149,2,
gold_plus_certified,seed_44.cascade,2566,303,descriptive_score_curve_not_deployment_threshold,24,2497,69,0.2898550724637681,0.9999922320874516,20,
gold_plus_certified,seed_44.transformer,2566,303,descriptive_score_curve_not_deployment_threshold,24,2497,69,0.21739130434782608,0.9999979734420776,15,
gold_plus_certified,seed_45.cascade,2566,303,descriptive_score_curve_not_deployment_threshold,24,2497,69,0.2898550724637681,0.9999922320874516,20,
gold_plus_certified,seed_45.transformer,2566,303,descriptive_score_curve_not_deployment_threshold,18,2497,69,0.08695652173913043,0.999998927116394,6,
gold_plus_certified,seed_46.cascade,2566,303,descriptive_score_curve_not_deployment_threshold,24,2497,69,0.2898550724637681,0.9999922320874516,20,
gold_plus_certified,seed_46.transformer,2566,303,descriptive_score_curve_not_deployment_threshold,22,2497,69,0.057971014492753624,0.9999954700469971,4,
gold_plus_certified,tabular.formatting,2566,303,descriptive_score_curve_not_deployment_threshold,0,2497,69,0.0,0.9999255717110231,0,
gold_plus_certified,tabular.permutation_42,2566,303,descriptive_score_curve_not_deployment_threshold,22,2497,69,0.014492753623188406,0.5081887270602437,1,
gold_plus_certified,tabular.permutation_43,2566,303,descriptive_score_curve_not_deployment_threshold,24,2497,69,0.2463768115942029,0.5067573868833474,17,
gold_plus_certified,tabular.permutation_44,2566,303,descriptive_score_curve_not_deployment_threshold,21,2497,69,0.028985507246376812,0.5077511878425452,2,
gold_plus_certified,tabular.permutation_45,2566,303,descriptive_score_curve_not_deployment_threshold,24,2497,69,0.043478260869565216,0.5100870578717218,3,
gold_plus_certified,tabular.permutation_46,2566,303,descriptive_score_curve_not_deployment_threshold,19,2497,69,0.11594202898550725,0.5074616176453002,8,
gold_plus_certified,tabular.random_forest,2566,303,descriptive_score_curve_not_deployment_threshold,0,2497,69,0.0,1.0000000000000002,0,
gold_plus_certified,transformer,2566,303,descriptive_score_curve_not_deployment_threshold,13,2497,69,0.10144927536231885,0.999997615814209,7,
