admitted_requests,completed_requests,concurrency,failed_requests,manifest_sha256,p50_ms,p95_ms,p99_ms,physical_invocation_fraction,prevalence_basis_points,request_count,request_error_rate,request_errors,run_indices,run_request_counts,successful_transformer_scores,transformer_forward_attempts,workload
50000,50000,1,0,12d6b7062c0320d8d72f8c12a2b93e6cd345905c4696b5c8e3b61ac1b5aede93,1.27425,1.488833,1.6940424100000002,0.0,100,50000,0.0,0,"[1, 2, 3, 4, 5]","[10000, 10000, 10000, 10000, 10000]",0,0,fixed_cascade
50000,50000,8,0,12d6b7062c0320d8d72f8c12a2b93e6cd345905c4696b5c8e3b61ac1b5aede93,5.753896,10.026037499999996,13.46050525000001,0.0,100,50000,0.0,0,"[1, 2, 3, 4, 5]","[10000, 10000, 10000, 10000, 10000]",0,0,fixed_cascade
50000,50000,16,0,12d6b7062c0320d8d72f8c12a2b93e6cd345905c4696b5c8e3b61ac1b5aede93,18.482229,45.57854615,65.88956825000001,0.0,100,50000,0.0,0,"[1, 2, 3, 4, 5]","[10000, 10000, 10000, 10000, 10000]",0,0,fixed_cascade
50000,50000,32,0,12d6b7062c0320d8d72f8c12a2b93e6cd345905c4696b5c8e3b61ac1b5aede93,43.103354499999995,130.17625799999976,196.79645217000012,0.0,100,50000,0.0,0,"[1, 2, 3, 4, 5]","[10000, 10000, 10000, 10000, 10000]",0,0,fixed_cascade
50000,50000,64,0,12d6b7062c0320d8d72f8c12a2b93e6cd345905c4696b5c8e3b61ac1b5aede93,103.385708,364.3004100999999,581.5871514900003,0.0,100,50000,0.0,0,"[1, 2, 3, 4, 5]","[10000, 10000, 10000, 10000, 10000]",0,0,fixed_cascade
49894,49894,128,0,12d6b7062c0320d8d72f8c12a2b93e6cd345905c4696b5c8e3b61ac1b5aede93,237.49127099999998,897.3355860499998,1452.1789750900018,0.0,100,50000,0.0024,120,"[1, 2, 3, 4, 5]","[10000, 10000, 10000, 10000, 10000]",0,0,fixed_cascade
50000,50000,1,0,99fe0e85b038b00ff6fb89bdb11a09cf45ae80d630f17e32a63318afb9c205c6,1.2635,1.4804601,1.64587542,0.0,10,50000,0.0,0,"[1, 2, 3, 4, 5]","[10000, 10000, 10000, 10000, 10000]",0,0,fixed_cascade
50000,50000,8,0,99fe0e85b038b00ff6fb89bdb11a09cf45ae80d630f17e32a63318afb9c205c6,5.767479,10.03708715,13.618184080000002,0.0,10,50000,0.0,0,"[1, 2, 3, 4, 5]","[10000, 10000, 10000, 10000, 10000]",0,0,fixed_cascade
50000,50000,16,0,99fe0e85b038b00ff6fb89bdb11a09cf45ae80d630f17e32a63318afb9c205c6,18.703479,45.35145449999999,65.70202125000019,0.0,10,50000,0.0,0,"[1, 2, 3, 4, 5]","[10000, 10000, 10000, 10000, 10000]",0,0,fixed_cascade
50000,50000,32,0,99fe0e85b038b00ff6fb89bdb11a09cf45ae80d630f17e32a63318afb9c205c6,45.833354,138.8588274,212.3482850900001,0.0,10,50000,0.0,0,"[1, 2, 3, 4, 5]","[10000, 10000, 10000, 10000, 10000]",0,0,fixed_cascade
50000,50000,64,0,99fe0e85b038b00ff6fb89bdb11a09cf45ae80d630f17e32a63318afb9c205c6,102.1784995,341.8385687499996,528.2882316600009,0.0,10,50000,0.0,0,"[1, 2, 3, 4, 5]","[10000, 10000, 10000, 10000, 10000]",0,0,fixed_cascade
49969,49969,128,0,99fe0e85b038b00ff6fb89bdb11a09cf45ae80d630f17e32a63318afb9c205c6,222.653229,795.9407416999993,1217.3595542600012,0.0,10,50000,0.00072,36,"[1, 2, 3, 4, 5]","[10000, 10000, 10000, 10000, 10000]",0,0,fixed_cascade
50000,50000,1,0,8aecb95b46dca6680154bb07b11744e52a0d1d36490c6071e04d562ae93791c3,1.271542,1.486593449999999,1.6543363400000006,0.0,500,50000,0.0,0,"[1, 2, 3, 4, 5]","[10000, 10000, 10000, 10000, 10000]",0,0,fixed_cascade
50000,50000,8,0,8aecb95b46dca6680154bb07b11744e52a0d1d36490c6071e04d562ae93791c3,5.925958,10.310418749999997,13.935417590000018,0.0,500,50000,0.0,0,"[1, 2, 3, 4, 5]","[10000, 10000, 10000, 10000, 10000]",0,0,fixed_cascade
50000,50000,16,0,8aecb95b46dca6680154bb07b11744e52a0d1d36490c6071e04d562ae93791c3,18.135979499999998,44.861451799999976,68.3989167500001,0.0,500,50000,0.0,0,"[1, 2, 3, 4, 5]","[10000, 10000, 10000, 10000, 10000]",0,0,fixed_cascade
50000,50000,32,0,8aecb95b46dca6680154bb07b11744e52a0d1d36490c6071e04d562ae93791c3,45.369292,137.89912289999998,207.3730666700001,0.0,500,50000,0.0,0,"[1, 2, 3, 4, 5]","[10000, 10000, 10000, 10000, 10000]",0,0,fixed_cascade
50000,50000,64,0,8aecb95b46dca6680154bb07b11744e52a0d1d36490c6071e04d562ae93791c3,102.125625,338.4142982499997,518.36505083,0.0,500,50000,0.0,0,"[1, 2, 3, 4, 5]","[10000, 10000, 10000, 10000, 10000]",0,0,fixed_cascade
49950,49950,128,0,8aecb95b46dca6680154bb07b11744e52a0d1d36490c6071e04d562ae93791c3,227.823625,831.3109704999994,1291.3288362500002,0.0,500,50000,0.00118,59,"[1, 2, 3, 4, 5]","[10000, 10000, 10000, 10000, 10000]",0,0,fixed_cascade
50000,50000,1,0,12d6b7062c0320d8d72f8c12a2b93e6cd345905c4696b5c8e3b61ac1b5aede93,7.142416,8.083514599999999,8.580875,1.0,100,50000,0.0,0,"[1, 2, 3, 4, 5]","[10000, 10000, 10000, 10000, 10000]",50000,50000,transformer_only
50000,50000,8,0,12d6b7062c0320d8d72f8c12a2b93e6cd345905c4696b5c8e3b61ac1b5aede93,49.0315625,52.7251271,54.58350125,1.0,100,50000,0.0,0,"[1, 2, 3, 4, 5]","[10000, 10000, 10000, 10000, 10000]",50000,50000,transformer_only
50000,50000,16,0,12d6b7062c0320d8d72f8c12a2b93e6cd345905c4696b5c8e3b61ac1b5aede93,98.3002085,104.8636271,107.31314292,1.0,100,50000,0.0,0,"[1, 2, 3, 4, 5]","[10000, 10000, 10000, 10000, 10000]",50000,50000,transformer_only
50000,50000,32,0,12d6b7062c0320d8d72f8c12a2b93e6cd345905c4696b5c8e3b61ac1b5aede93,200.78525000000002,243.88006939999997,266.0393175,1.0,100,50000,0.0,0,"[1, 2, 3, 4, 5]","[10000, 10000, 10000, 10000, 10000]",50000,50000,transformer_only
49940,49940,64,0,12d6b7062c0320d8d72f8c12a2b93e6cd345905c4696b5c8e3b61ac1b5aede93,412.4978545,476.33543569999995,1017.011172580001,0.9988,100,50000,0.00148,74,"[1, 2, 3, 4, 5]","[10000, 10000, 10000, 10000, 10000]",49940,49940,transformer_only
48482,48482,128,0,12d6b7062c0320d8d72f8c12a2b93e6cd345905c4696b5c8e3b61ac1b5aede93,851.9820414999999,970.8611982499999,2241.1986098300004,0.96964,100,50000,0.03224,1612,"[1, 2, 3, 4, 5]","[10000, 10000, 10000, 10000, 10000]",48482,48482,transformer_only
43505,43505,1,0,96e19ba2ebe0d4fb76a6cac7f65ce68ec100ecd7304bb874c8696a905f7f2e68,10.267292,11.581575399999998,12.422081639999998,0.9485116653258246,,43505,0.0,0,"[1, 2, 3, 4, 5]","[8701, 8701, 8701, 8701, 8701]",41265,41265,shift_period
