hypothesis,denominator,estimate,name,numerator,operator,reason,status,threshold,upper_95
H1,20267,0.005871613953717866,internal.length_only.fpr,119,<=,,pass,0.01,0.006833860639522075
H1,20267,0.007746583115409286,internal.logistic_l1.fpr,157,<=,,pass,0.01,0.008838494627537595
H1,20267,0.007746583115409286,internal.cascade.fpr,157,<=,,pass,0.01,0.008838494627537595
H1,2497,0.09451341609931918,certified.length_only.fpr,236,<=,,fail,0.01,0.10469927727887324
H1,2497,0.9054865839006808,certified.logistic_l1.fpr,2261,<=,,fail,0.01,0.9149605399042408
H1,2497,0.9054865839006808,certified.cascade.fpr,2261,<=,,fail,0.01,0.9149605399042408
H1,,0.5998970797573994,internal.logistic_l1_minus_length_only,,>,,pass,0.0,
H1,,0.0,internal.cascade_minus_logistic_l1,,>,,fail,0.0,
H1,,0.6666666666666666,gold.logistic_l1_minus_length_only,,>,,pass,0.0,
H1,,0.0,gold.cascade_minus_logistic_l1,,>,,fail,0.0,
H2,132,0.8712121212121212,external_window_alerts,115,>=,,pass,0.8,
H2,252,0.1111111111111111,audit_window_alerts,28,<=,,fail,0.05,
H2,2497,0.9927913496195434,certified.policy.fpr,2479,<=,,fail,0.01,0.9953356677081271
H2,,0.0,gold.policy_minus_cascade,,>,,fail,0.0,
H3,2497,0.9054865839006808,certified.cascade.fpr,2261,<=,,fail,0.01,0.9149605399042408
H3,2497,0.9927913496195434,certified.transformer.fpr,2479,<=,,fail,0.01,0.9953356677081271
H3,1163,1.0,tranco.cascade.alert_rate,1163,<=,,fail,0.01,1.0
H3,1163,1.0,tranco.transformer.alert_rate,1163,<=,,fail,0.01,1.0
H3,,0.0,gold.cascade_minus_transformer,,>=,,pass,-0.02,
H3,10000,0.0,reference_transformer_invocations,0,<=,,pass,0.3,
H3,,364.3004100999999,http_pooled_p95_ms,,<=,,fail,200.0,
H3,50000,0.0,http_request_errors,0,<,,pass,0.001,
