stream,monitor,threshold,alerts,windows,00,01,10,11,changed_score_count,count,max_absolute_delta,mean_absolute_delta,mean_signed_delta
original,gmm,-67.45792380813624,28,252,224,0,0,28,0,252,0.0,0.0,0.0
original,mmd,0.01662655786449553,8,252,244,0,0,8,0,252,0.0,0.0,0.0
original,psi,0.12001239829542137,11,252,241,0,0,11,0,252,0.0,0.0,0.0
ascii_scheme_host_uppercase,gmm,-67.45792380813624,29,252,223,1,0,28,252,252,6.52471492694383,0.31402964686836454,0.08886063656375684
ascii_scheme_host_uppercase,mmd,0.01662655786449553,15,252,237,7,0,8,252,252,0.0021047033862355846,0.0008583500669009863,0.0008569479151928839
ascii_scheme_host_uppercase,psi,0.12001239829542137,10,252,241,0,1,10,103,252,0.03909624418959302,0.003188650987599231,0.0009057999963224046
percent_escape_hex_uppercase,gmm,-67.45792380813624,28,252,224,0,0,28,75,252,0.006187402195109826,0.000606075284457755,0.00041685595184003793
percent_escape_hex_uppercase,mmd,0.01662655786449553,8,252,244,0,0,8,56,252,6.5053745796905815e-06,1.2722336975975628e-07,1.165202101718579e-07
percent_escape_hex_uppercase,psi,0.12001239829542137,11,252,241,0,0,11,0,252,0.0,0.0,0.0
first_literal_path_alphanumeric_percent_encode,gmm,-67.45792380813624,213,252,39,185,0,28,252,252,2826.055802616915,50.48639219433064,50.48639219433064
first_literal_path_alphanumeric_percent_encode,mmd,0.01662655786449553,14,252,238,6,0,8,252,252,0.0020881508227590384,0.0007876393121156407,0.0007860919340002134
first_literal_path_alphanumeric_percent_encode,psi,0.12001239829542137,6,252,241,0,5,6,223,252,0.04690891872333798,0.007137480948064032,-0.002456713156262914
