population,detector,rows,domains,analysis_role,average_precision_reason,average_precision_value,balanced_accuracy_reason,balanced_accuracy_value,brier_reason,brier_value,calibration_error_reason,calibration_error_value,domain_count,f2_reason,f2_value,mcc_reason,mcc_value,precision_reason,precision_value,roc_auc_reason,roc_auc_value,row_count,false_negatives,false_positives,fpr_denominator,fpr_estimate,fpr_numerator,fpr_status,fpr_upper_95,recall_denominator,recall_estimate,recall_numerator,recall_status,recall_upper_95,true_negatives,true_positives,control_alert_rate_denominator,control_alert_rate_estimate,control_alert_rate_numerator,control_alert_rate_status,control_alert_rate_upper_95
internal,cascade,34593,29566,descriptive_secondary_not_primary,,0.9959782822706125,,0.9895303102850986,,0.008240327200441438,,0.009814639483711985,29566,,0.9872482471577418,,0.9793830407047011,,0.989016370505107,,0.9948562338460734,34593,189,157,20267,0.007746583115409286,157,estimated,0.008838494627537595,14326,0.9868072036856066,14137,estimated,0.9883364056574296,20110,14137,,,,,
internal,length_only,34593,29566,descriptive_secondary_not_primary,,0.7368457744375606,,0.6701062145225128,,0.19582691839169358,,0.11663648535776068,29566,,0.3973966432086693,,0.4735600419379406,,0.9765609611975576,,0.712485405554127,34593,9368,119,20267,0.005871613953717866,119,estimated,0.006833860639522075,14326,0.34608404299874357,4958,estimated,0.3526792274142987,20148,4958,,,,,
internal,logistic_l1,34593,29566,descriptive_secondary_not_primary,,0.9959782822706125,,0.9895303102850986,,0.008240327200441438,,0.009814639483711985,29566,,0.9872482471577418,,0.9793830407047011,,0.989016370505107,,0.9948562338460734,34593,189,157,20267,0.007746583115409286,157,estimated,0.008838494627537595,14326,0.9868072036856066,14137,estimated,0.9883364056574296,20110,14137,,,,,
internal,seed_42.cascade,34593,29566,descriptive_secondary_not_primary,,0.9959782822706125,,0.9895303102850986,,0.008240327200441438,,0.009814639483711985,29566,,0.9872482471577418,,0.9793830407047011,,0.989016370505107,,0.9948562338460734,34593,189,157,20267,0.007746583115409286,157,estimated,0.008838494627537595,14326,0.9868072036856066,14137,estimated,0.9883364056574296,20110,14137,,,,,
internal,seed_42.transformer,34593,29566,descriptive_secondary_not_primary,,0.9983095541614161,,0.9915570643703294,,0.003707316740250279,,0.0005144307295654313,29566,,0.9917338091388107,,0.9820493257993238,,0.9857974227518359,,0.998042375733077,34593,97,205,20267,0.01011496521438792,205,estimated,0.011349465356074043,14326,0.9932290939550468,14229,estimated,0.9943159452743231,20062,14229,,,,,
internal,seed_43.cascade,34593,29566,descriptive_secondary_not_primary,,0.9959782822706125,,0.9895303102850986,,0.008240327200441438,,0.009814639483711985,29566,,0.9872482471577418,,0.9793830407047011,,0.989016370505107,,0.9948562338460734,34593,189,157,20267,0.007746583115409286,157,estimated,0.008838494627537595,14326,0.9868072036856066,14137,estimated,0.9883364056574296,20110,14137,,,,,
internal,seed_43.transformer,34593,29566,descriptive_secondary_not_primary,,0.9983869891975767,,0.992953060310911,,0.003832470062960648,,0.005279515957271567,29566,,0.9924803638443617,,0.9854163122158073,,0.9897739130434783,,0.9982038060770467,34593,98,147,20267,0.007253170178122071,147,estimated,0.008312670712279294,14326,0.9931592907999441,14228,estimated,0.9942519134290104,20120,14228,,,,,
internal,seed_44.cascade,34593,29566,descriptive_secondary_not_primary,,0.9959782822706125,,0.9895303102850986,,0.008240327200441438,,0.009814639483711985,29566,,0.9872482471577418,,0.9793830407047011,,0.989016370505107,,0.9948562338460734,34593,189,157,20267,0.007746583115409286,157,estimated,0.008838494627537595,14326,0.9868072036856066,14137,estimated,0.9883364056574296,20110,14137,,,,,
internal,seed_44.transformer,34593,29566,descriptive_secondary_not_primary,,0.9982897768368585,,0.9922929749907698,,0.0036169381628632495,,0.001741336292305856,29566,,0.9922189840056893,,0.9837625864118048,,0.9876466097577903,,0.9979789873594603,34593,95,178,20267,0.00878275028371244,178,estimated,0.009939456352303469,14326,0.993368700265252,14231,estimated,0.9944439171154988,20089,14231,,,,,
internal,seed_45.cascade,34593,29566,descriptive_secondary_not_primary,,0.9959782822706125,,0.9895303102850986,,0.008240327200441438,,0.009814639483711985,29566,,0.9872482471577418,,0.9793830407047011,,0.989016370505107,,0.9948562338460734,34593,189,157,20267,0.007746583115409286,157,estimated,0.008838494627537595,14326,0.9868072036856066,14137,estimated,0.9883364056574296,20110,14137,,,,,
internal,seed_45.transformer,34593,29566,descriptive_secondary_not_primary,,0.9983038318652543,,0.991468612713559,,0.0036755291652718317,,0.001155157423214025,29566,,0.9917205619982159,,0.9818147242411477,,0.9854570637119113,,0.9980289933795391,34593,96,210,20267,0.010361671683031528,210,estimated,0.011609987387993171,14326,0.9932988971101494,14230,estimated,0.9943799466614877,20057,14230,,,,,
internal,seed_46.cascade,34593,29566,descriptive_secondary_not_primary,,0.9959782822706125,,0.9895303102850986,,0.008240327200441438,,0.009814639483711985,29566,,0.9872482471577418,,0.9793830407047011,,0.989016370505107,,0.9948562338460734,34593,189,157,20267,0.007746583115409286,157,estimated,0.008838494627537595,14326,0.9868072036856066,14137,estimated,0.9883364056574296,20110,14137,,,,,
internal,seed_46.transformer,34593,29566,descriptive_secondary_not_primary,,0.9982370675903355,,0.9927352332746223,,0.004184859749738309,,0.002130898835133152,29566,,0.9922854791233626,,0.9849412992959381,,0.9893594825787607,,0.9979410497390205,34593,100,153,20267,0.0075492179404944,153,estimated,0.008628295110792262,14326,0.993019684489739,14226,estimated,0.9941237602039009,20114,14226,,,,,
internal,tabular.formatting,34593,29566,descriptive_secondary_not_primary,,0.7681221031100414,,0.8021080552840989,,0.1317050465790756,,0.05218831581727484,29566,,0.656155245603396,,0.6871175056904559,,1.0,,0.8021080552840989,34593,5670,0,20267,0.0,0,estimated,0.00014780238219355344,14326,0.6042161105681977,8656,estimated,0.6109552571834597,20267,8656,,,,,
internal,tabular.permutation_42,34593,29566,descriptive_secondary_not_primary,,0.5333179562657184,,0.5720863988440347,,0.2496200932662764,,0.08630137613317895,29566,,0.1832794194056618,,0.28172115613621307,,0.927087749046206,,0.4815511332203152,34593,12139,172,20267,0.008486702521340109,172,estimated,0.009625314425585296,14326,0.15265950020940947,2187,estimated,0.15768911916321787,20095,2187,,,,,
internal,tabular.permutation_43,34593,29566,descriptive_secondary_not_primary,,0.6727602519253761,,0.6612286546294806,,0.2491140188884607,,0.08565522387241721,29566,,0.38166160569399593,,0.45408962860203306,,0.9623252987644318,,0.6249529964420746,34593,9575,186,20267,0.009177480633542212,186,estimated,0.010357832933421589,14326,0.33163478989250317,4751,estimated,0.33816454484577235,20081,4751,,,,,
internal,tabular.permutation_44,34593,29566,descriptive_secondary_not_primary,,0.5510784358266703,,0.5511099686696217,,0.24993053577524613,,0.08649940860320338,29566,,0.13521517659203602,,0.22748559492422651,,0.8942361499720202,,0.5462854227075109,34593,12728,189,20267,0.009325504514728376,189,estimated,0.010514589325897064,14326,0.1115454418539718,1598,estimated,0.11596504818189267,20078,1598,,,,,
internal,tabular.permutation_45,34593,29566,descriptive_secondary_not_primary,,0.43784439124121355,,0.5210771276059881,,0.250898321854475,,0.08589077451076342,29566,,0.06161805400388443,,0.13209330559882174,,0.8175598631698974,,0.40225143916871153,34593,13609,160,20267,0.00789460699659545,160,estimated,0.008996035122636943,14326,0.050048862208571826,717,estimated,0.05314861932894993,20107,717,,,,,
internal,tabular.permutation_46,34593,29566,descriptive_secondary_not_primary,,0.7728210425360067,,0.7626833317856345,,0.24892910865413165,,0.2107656939600553,29566,,0.587847067671481,,0.617873220354416,,0.9759204994266786,,0.6876140492180335,34593,6666,189,20267,0.009325504514728376,189,estimated,0.010514589325897064,14326,0.5346921680859975,7660,estimated,0.5415760895611301,20078,7660,,,,,
internal,tabular.random_forest,34593,29566,descriptive_secondary_not_primary,,0.9967492667789484,,0.992517988304412,,0.0045191399742232135,,0.0029257906774316834,29566,,0.9916548047670881,,0.9847552472039138,,0.9901072871673401,,0.996394009373165,34593,114,142,20267,0.007006463709478462,142,estimated,0.00804933721738333,14326,0.9920424403183024,14212,estimated,0.9932236068042283,20125,14212,,,,,
internal,transformer,34593,29566,descriptive_secondary_not_primary,,0.9983095541614161,,0.9915570643703294,,0.003707316740250279,,0.0005144307295654313,29566,,0.9917338091388107,,0.9820493257993238,,0.9857974227518359,,0.998042375733077,34593,97,205,20267,0.01011496521438792,205,estimated,0.011349465356074043,14326,0.9932290939550468,14229,estimated,0.9943159452743231,20062,14229,,,,,
certified,cascade,2497,234,,,,,,,,,,,,,,,,,,,,0,2261,2497,0.9054865839006808,2261,estimated,0.9149605399042408,0,,0,not_estimable,,236,0,,,,,
certified,length_only,2497,234,,,,,,,,,,,,,,,,,,,,0,236,2497,0.09451341609931918,236,estimated,0.10469927727887324,0,,0,not_estimable,,2261,0,,,,,
certified,logistic_l1,2497,234,,,,,,,,,,,,,,,,,,,,0,2261,2497,0.9054865839006808,2261,estimated,0.9149605399042408,0,,0,not_estimable,,236,0,,,,,
certified,policy,2497,234,,,,,,,,,,,,,,,,,,,,0,2479,2497,0.9927913496195434,2479,estimated,0.9953356677081271,0,,0,not_estimable,,18,0,,,,,
certified,seed_42.cascade,2497,234,,,,,,,,,,,,,,,,,,,,0,2261,2497,0.9054865839006808,2261,estimated,0.9149605399042408,0,,0,not_estimable,,236,0,,,,,
certified,seed_42.transformer,2497,234,,,,,,,,,,,,,,,,,,,,0,2479,2497,0.9927913496195434,2479,estimated,0.9953356677081271,0,,0,not_estimable,,18,0,,,,,
certified,seed_43.cascade,2497,234,,,,,,,,,,,,,,,,,,,,0,2261,2497,0.9054865839006808,2261,estimated,0.9149605399042408,0,,0,not_estimable,,236,0,,,,,
certified,seed_43.transformer,2497,234,,,,,,,,,,,,,,,,,,,,0,2480,2497,0.9931918301962355,2480,estimated,0.9956574378421094,0,,0,not_estimable,,17,0,,,,,
certified,seed_44.cascade,2497,234,,,,,,,,,,,,,,,,,,,,0,2261,2497,0.9054865839006808,2261,estimated,0.9149605399042408,0,,0,not_estimable,,236,0,,,,,
certified,seed_44.transformer,2497,234,,,,,,,,,,,,,,,,,,,,0,2480,2497,0.9931918301962355,2480,estimated,0.9956574378421094,0,,0,not_estimable,,17,0,,,,,
certified,seed_45.cascade,2497,234,,,,,,,,,,,,,,,,,,,,0,2261,2497,0.9054865839006808,2261,estimated,0.9149605399042408,0,,0,not_estimable,,236,0,,,,,
certified,seed_45.transformer,2497,234,,,,,,,,,,,,,,,,,,,,0,2481,2497,0.9935923107729275,2481,estimated,0.9959767896793744,0,,0,not_estimable,,16,0,,,,,
certified,seed_46.cascade,2497,234,,,,,,,,,,,,,,,,,,,,0,2261,2497,0.9054865839006808,2261,estimated,0.9149605399042408,0,,0,not_estimable,,236,0,,,,,
certified,seed_46.transformer,2497,234,,,,,,,,,,,,,,,,,,,,0,2480,2497,0.9931918301962355,2480,estimated,0.9956574378421094,0,,0,not_estimable,,17,0,,,,,
certified,tabular.formatting,2497,234,,,,,,,,,,,,,,,,,,,,0,25,2497,0.010012014417300761,25,estimated,0.013955418607075406,0,,0,not_estimable,,2472,0,,,,,
certified,tabular.permutation_42,2497,234,,,,,,,,,,,,,,,,,,,,0,323,2497,0.12935522627152582,323,estimated,0.1409249703339567,0,,0,not_estimable,,2174,0,,,,,
certified,tabular.permutation_43,2497,234,,,,,,,,,,,,,,,,,,,,0,330,2497,0.13215859030837004,330,estimated,0.14382677995364093,0,,0,not_estimable,,2167,0,,,,,
certified,tabular.permutation_44,2497,234,,,,,,,,,,,,,,,,,,,,0,219,2497,0.08770524629555466,219,estimated,0.09757928279378644,0,,0,not_estimable,,2278,0,,,,,
certified,tabular.permutation_45,2497,234,,,,,,,,,,,,,,,,,,,,0,36,2497,0.014417300760913096,36,estimated,0.018995060022474496,0,,0,not_estimable,,2461,0,,,,,
certified,tabular.permutation_46,2497,234,,,,,,,,,,,,,,,,,,,,0,1237,2497,0.49539447336804165,1237,estimated,0.5120501541783266,0,,0,not_estimable,,1260,0,,,,,
certified,tabular.random_forest,2497,234,,,,,,,,,,,,,,,,,,,,0,2281,2497,0.9134961954345214,2281,estimated,0.9225867956775125,0,,0,not_estimable,,216,0,,,,,
certified,transformer,2497,234,,,,,,,,,,,,,,,,,,,,0,2479,2497,0.9927913496195434,2479,estimated,0.9953356677081271,0,,0,not_estimable,,18,0,,,,,
chongluadao_openphish_bronze,cascade,4555,2294,,,,,,,,,,,,,,,,,,,,,,,,,,,4555,1.0,4555,estimated,1.0,,,,,,,
chongluadao_openphish_bronze,length_only,4555,2294,,,,,,,,,,,,,,,,,,,,,,,,,,,4555,0.007683863885839737,35,estimated,0.010174750479711355,,,,,,,
chongluadao_openphish_bronze,logistic_l1,4555,2294,,,,,,,,,,,,,,,,,,,,,,,,,,,4555,1.0,4555,estimated,1.0,,,,,,,
chongluadao_openphish_bronze,policy,4555,2294,,,,,,,,,,,,,,,,,,,,,,,,,,,4555,0.9997804610318332,4554,estimated,0.9999887391864797,,,,,,,
chongluadao_openphish_bronze,seed_42.cascade,4555,2294,,,,,,,,,,,,,,,,,,,,,,,,,,,4555,1.0,4555,estimated,1.0,,,,,,,
chongluadao_openphish_bronze,seed_42.transformer,4555,2294,,,,,,,,,,,,,,,,,,,,,,,,,,,4555,0.9997804610318332,4554,estimated,0.9999887391864797,,,,,,,
chongluadao_openphish_bronze,seed_43.cascade,4555,2294,,,,,,,,,,,,,,,,,,,,,,,,,,,4555,1.0,4555,estimated,1.0,,,,,,,
chongluadao_openphish_bronze,seed_43.transformer,4555,2294,,,,,,,,,,,,,,,,,,,,,,,,,,,4555,0.9997804610318332,4554,estimated,0.9999887391864797,,,,,,,
chongluadao_openphish_bronze,seed_44.cascade,4555,2294,,,,,,,,,,,,,,,,,,,,,,,,,,,4555,1.0,4555,estimated,1.0,,,,,,,
chongluadao_openphish_bronze,seed_44.transformer,4555,2294,,,,,,,,,,,,,,,,,,,,,,,,,,,4555,0.9997804610318332,4554,estimated,0.9999887391864797,,,,,,,
chongluadao_openphish_bronze,seed_45.cascade,4555,2294,,,,,,,,,,,,,,,,,,,,,,,,,,,4555,1.0,4555,estimated,1.0,,,,,,,
chongluadao_openphish_bronze,seed_45.transformer,4555,2294,,,,,,,,,,,,,,,,,,,,,,,,,,,4555,0.9997804610318332,4554,estimated,0.9999887391864797,,,,,,,
chongluadao_openphish_bronze,seed_46.cascade,4555,2294,,,,,,,,,,,,,,,,,,,,,,,,,,,4555,1.0,4555,estimated,1.0,,,,,,,
chongluadao_openphish_bronze,seed_46.transformer,4555,2294,,,,,,,,,,,,,,,,,,,,,,,,,,,4555,0.9997804610318332,4554,estimated,0.9999887391864797,,,,,,,
chongluadao_openphish_bronze,tabular.formatting,4555,2294,,,,,,,,,,,,,,,,,,,,,,,,,,,4555,0.006147091108671789,28,estimated,0.008418242300139173,,,,,,,
chongluadao_openphish_bronze,tabular.permutation_42,4555,2294,,,,,,,,,,,,,,,,,,,,,,,,,,,4555,0.025027442371020857,114,estimated,0.029178306699652698,,,,,,,
chongluadao_openphish_bronze,tabular.permutation_43,4555,2294,,,,,,,,,,,,,,,,,,,,,,,,,,,4555,0.5951701427003293,2711,estimated,0.607195317604178,,,,,,,
chongluadao_openphish_bronze,tabular.permutation_44,4555,2294,,,,,,,,,,,,,,,,,,,,,,,,,,,4555,0.0015367727771679472,7,estimated,0.002884575503222883,,,,,,,
chongluadao_openphish_bronze,tabular.permutation_45,4555,2294,,,,,,,,,,,,,,,,,,,,,,,,,,,4555,0.06103183315038419,278,estimated,0.06718766107884895,,,,,,,
chongluadao_openphish_bronze,tabular.permutation_46,4555,2294,,,,,,,,,,,,,,,,,,,,,,,,,,,4555,0.9841931942919868,4483,estimated,0.9871099599469583,,,,,,,
chongluadao_openphish_bronze,tabular.random_forest,4555,2294,,,,,,,,,,,,,,,,,,,,,,,,,,,4555,1.0,4555,estimated,1.0,,,,,,,
chongluadao_openphish_bronze,transformer,4555,2294,,,,,,,,,,,,,,,,,,,,,,,,,,,4555,0.9997804610318332,4554,estimated,0.9999887391864797,,,,,,,
gold,cascade,69,69,,,,,,,,,,,,,,,,,,,,0,0,0,,0,not_estimable,,69,1.0,69,estimated,1.0,0,69,,,,,
gold,length_only,69,69,,,,,,,,,,,,,,,,,,,,53,0,0,,0,not_estimable,,69,0.2318840579710145,16,estimated,0.33064366705009846,0,16,,,,,
gold,logistic_l1,69,69,,,,,,,,,,,,,,,,,,,,0,0,0,,0,not_estimable,,69,1.0,69,estimated,1.0,0,69,,,,,
gold,policy,69,69,,,,,,,,,,,,,,,,,,,,0,0,0,,0,not_estimable,,69,1.0,69,estimated,1.0,0,69,,,,,
gold,seed_42.cascade,69,69,,,,,,,,,,,,,,,,,,,,0,0,0,,0,not_estimable,,69,1.0,69,estimated,1.0,0,69,,,,,
gold,seed_42.transformer,69,69,,,,,,,,,,,,,,,,,,,,0,0,0,,0,not_estimable,,69,1.0,69,estimated,1.0,0,69,,,,,
gold,seed_43.cascade,69,69,,,,,,,,,,,,,,,,,,,,0,0,0,,0,not_estimable,,69,1.0,69,estimated,1.0,0,69,,,,,
gold,seed_43.transformer,69,69,,,,,,,,,,,,,,,,,,,,0,0,0,,0,not_estimable,,69,1.0,69,estimated,1.0,0,69,,,,,
gold,seed_44.cascade,69,69,,,,,,,,,,,,,,,,,,,,0,0,0,,0,not_estimable,,69,1.0,69,estimated,1.0,0,69,,,,,
gold,seed_44.transformer,69,69,,,,,,,,,,,,,,,,,,,,0,0,0,,0,not_estimable,,69,1.0,69,estimated,1.0,0,69,,,,,
gold,seed_45.cascade,69,69,,,,,,,,,,,,,,,,,,,,0,0,0,,0,not_estimable,,69,1.0,69,estimated,1.0,0,69,,,,,
gold,seed_45.transformer,69,69,,,,,,,,,,,,,,,,,,,,0,0,0,,0,not_estimable,,69,1.0,69,estimated,1.0,0,69,,,,,
gold,seed_46.cascade,69,69,,,,,,,,,,,,,,,,,,,,0,0,0,,0,not_estimable,,69,1.0,69,estimated,1.0,0,69,,,,,
gold,seed_46.transformer,69,69,,,,,,,,,,,,,,,,,,,,0,0,0,,0,not_estimable,,69,1.0,69,estimated,1.0,0,69,,,,,
gold,tabular.formatting,69,69,,,,,,,,,,,,,,,,,,,,69,0,0,,0,not_estimable,,69,0.0,0,estimated,0.04248741054859369,0,0,,,,,
gold,tabular.permutation_42,69,69,,,,,,,,,,,,,,,,,,,,59,0,0,,0,not_estimable,,69,0.14492753623188406,10,estimated,0.23342241066929942,0,10,,,,,
gold,tabular.permutation_43,69,69,,,,,,,,,,,,,,,,,,,,20,0,0,,0,not_estimable,,69,0.7101449275362319,49,estimated,0.7989165829682001,0,49,,,,,
gold,tabular.permutation_44,69,69,,,,,,,,,,,,,,,,,,,,67,0,0,,0,not_estimable,,69,0.028985507246376812,2,estimated,0.08844412223211899,0,2,,,,,
gold,tabular.permutation_45,69,69,,,,,,,,,,,,,,,,,,,,65,0,0,,0,not_estimable,,69,0.057971014492753624,4,estimated,0.12776519330297353,0,4,,,,,
gold,tabular.permutation_46,69,69,,,,,,,,,,,,,,,,,,,,18,0,0,,0,not_estimable,,69,0.7391304347826086,51,estimated,0.8241064682812524,0,51,,,,,
gold,tabular.random_forest,69,69,,,,,,,,,,,,,,,,,,,,0,0,0,,0,not_estimable,,69,1.0,69,estimated,1.0,0,69,,,,,
gold,transformer,69,69,,,,,,,,,,,,,,,,,,,,0,0,0,,0,not_estimable,,69,1.0,69,estimated,1.0,0,69,,,,,
gold_plus_certified,cascade,2566,303,descriptive_secondary_not_primary,,0.3148822345040831,,0.5472567080496595,,0.8767847499188638,,0.8799659502868603,303,,0.13238679969301612,,0.0529045853860754,,0.0296137339055794,,0.8512388779578973,2566,0,2261,2497,0.9054865839006808,2261,estimated,0.9149605399042408,69,1.0,69,estimated,1.0,236,69,,,,,
gold_plus_certified,length_only,2566,303,descriptive_secondary_not_primary,,0.2189355692787541,,0.5686853209358477,,0.3234695773133488,,0.5172727929419249,303,,0.15151515151515152,,0.07466993896925256,,0.06349206349206349,,0.38389255512411996,2566,53,236,2497,0.09451341609931918,236,estimated,0.10469927727887324,69,0.2318840579710145,16,estimated,0.33064366705009846,2261,16,,,,,
gold_plus_certified,logistic_l1,2566,303,descriptive_secondary_not_primary,,0.3148822345040831,,0.5472567080496595,,0.8767847499188638,,0.8799659502868603,303,,0.13238679969301612,,0.0529045853860754,,0.0296137339055794,,0.8512388779578973,2566,0,2261,2497,0.9054865839006808,2261,estimated,0.9149605399042408,69,1.0,69,estimated,1.0,236,69,,,,,
gold_plus_certified,policy,2566,303,descriptive_secondary_not_primary,,0.17565857409904284,,0.5036043251902282,,0.9657471510722748,,0.965902376737158,303,,0.1221671388101983,,0.013971782454836162,,0.02708006279434851,,0.49820364147121476,2566,0,2479,2497,0.9927913496195434,2479,estimated,0.9953356677081271,69,1.0,69,estimated,1.0,18,69,,,,,
gold_plus_certified,seed_42.cascade,2566,303,descriptive_secondary_not_primary,,0.3148822345040831,,0.5472567080496595,,0.8767847499188638,,0.8799659502868603,303,,0.13238679969301612,,0.0529045853860754,,0.0296137339055794,,0.8512388779578973,2566,0,2261,2497,0.9054865839006808,2261,estimated,0.9149605399042408,69,1.0,69,estimated,1.0,236,69,,,,,
gold_plus_certified,seed_42.transformer,2566,303,descriptive_secondary_not_primary,,0.09992654374972518,,0.5036043251902282,,0.9657471487152696,,0.965905457923522,303,,0.1221671388101983,,0.013971782454836162,,0.02708006279434851,,0.5922730464963754,2566,0,2479,2497,0.9927913496195434,2479,estimated,0.9953356677081271,69,1.0,69,estimated,1.0,18,69,,,,,
gold_plus_certified,seed_43.cascade,2566,303,descriptive_secondary_not_primary,,0.3148822345040831,,0.5472567080496595,,0.8767847499188638,,0.8799659502868603,303,,0.13238679969301612,,0.0529045853860754,,0.0296137339055794,,0.8512388779578973,2566,0,2261,2497,0.9054865839006808,2261,estimated,0.9149605399042408,69,1.0,69,estimated,1.0,236,69,,,,,
gold_plus_certified,seed_43.transformer,2566,303,descriptive_secondary_not_primary,,0.07212419506882696,,0.5034040849018823,,0.9658320209139222,,0.9661523737810009,303,,0.12212389380530973,,0.013575468212008949,,0.02706943899568458,,0.6285078325875109,2566,0,2480,2497,0.9931918301962355,2480,estimated,0.9956574378421094,69,1.0,69,estimated,1.0,17,69,,,,,
gold_plus_certified,seed_44.cascade,2566,303,descriptive_secondary_not_primary,,0.3148822345040831,,0.5472567080496595,,0.8767847499188638,,0.8799659502868603,303,,0.13238679969301612,,0.0529045853860754,,0.0296137339055794,,0.8512388779578973,2566,0,2261,2497,0.9054865839006808,2261,estimated,0.9149605399042408,69,1.0,69,estimated,1.0,236,69,,,,,
gold_plus_certified,seed_44.transformer,2566,303,descriptive_secondary_not_primary,,0.2694259229026754,,0.5034040849018823,,0.9658177315257171,,0.966043623877306,303,,0.12212389380530973,,0.013575468212008949,,0.02706943899568458,,0.7922434457580981,2566,0,2480,2497,0.9931918301962355,2480,estimated,0.9956574378421094,69,1.0,69,estimated,1.0,17,69,,,,,
gold_plus_certified,seed_45.cascade,2566,303,descriptive_secondary_not_primary,,0.3148822345040831,,0.5472567080496595,,0.8767847499188638,,0.8799659502868603,303,,0.13238679969301612,,0.0529045853860754,,0.0296137339055794,,0.8512388779578973,2566,0,2261,2497,0.9054865839006808,2261,estimated,0.9149605399042408,69,1.0,69,estimated,1.0,236,69,,,,,
gold_plus_certified,seed_45.transformer,2566,303,descriptive_secondary_not_primary,,0.07976251238024872,,0.5032038446135363,,0.9658126153760662,,0.9660432165219929,303,,0.12208067940552017,,0.01316755603848593,,0.027058823529411764,,0.6296541356874625,2566,0,2481,2497,0.9935923107729275,2481,estimated,0.9959767896793744,69,1.0,69,estimated,1.0,16,69,,,,,
gold_plus_certified,seed_46.cascade,2566,303,descriptive_secondary_not_primary,,0.3148822345040831,,0.5472567080496595,,0.8767847499188638,,0.8799659502868603,303,,0.13238679969301612,,0.0529045853860754,,0.0296137339055794,,0.8512388779578973,2566,0,2261,2497,0.9054865839006808,2261,estimated,0.9149605399042408,69,1.0,69,estimated,1.0,236,69,,,,,
gold_plus_certified,seed_46.transformer,2566,303,descriptive_secondary_not_primary,,0.042233326614025304,,0.5034040849018823,,0.9657691013802655,,0.9659486473576998,303,,0.12212389380530973,,0.013575468212008949,,0.02706943899568458,,0.5238750268438067,2566,0,2480,2497,0.9931918301962355,2480,estimated,0.9956574378421094,69,1.0,69,estimated,1.0,17,69,,,,,
gold_plus_certified,tabular.formatting,2566,303,descriptive_secondary_not_primary,,0.026890101325019487,,0.49499399279134965,,0.10337528415771682,,0.268231231323786,303,,0.0,,-0.01648856824112298,,0.0,,0.49499399279134965,2566,69,25,2497,0.010012014417300761,25,estimated,0.013955418607075406,69,0.0,0,estimated,0.04248741054859369,2472,0,,,,,
gold_plus_certified,tabular.permutation_42,2566,303,descriptive_secondary_not_primary,,0.02591042329095375,,0.5077861549801791,,0.2515525725849556,,0.47467185184150856,303,,0.08210180623973727,,0.0074958412073386094,,0.03003003003003003,,0.36998891423331187,2566,59,323,2497,0.12935522627152582,323,estimated,0.1409249703339567,69,0.14492753623188406,10,estimated,0.23342241066929942,2174,10,,,,,
gold_plus_certified,tabular.permutation_43,2566,303,descriptive_secondary_not_primary,,0.27260985379630764,,0.7889931686139309,,0.24972254665151206,,0.473022547954029,303,,0.37404580152671757,,0.26351624447372207,,0.12928759894459102,,0.8273957734788994,2566,20,330,2497,0.13215859030837004,330,estimated,0.14382677995364093,69,0.7101449275362319,49,estimated,0.7989165829682001,2167,49,,,,,
gold_plus_certified,tabular.permutation_44,2566,303,descriptive_secondary_not_primary,,0.017822791823050417,,0.4706401304754111,,0.25260628108393657,,0.475633928015213,303,,0.02012072434607646,,-0.03385714808707734,,0.00904977375565611,,0.17657420789004774,2566,67,219,2497,0.08770524629555466,219,estimated,0.09757928279378644,69,0.028985507246376812,2,estimated,0.08844412223211899,2278,2,,,,,
gold_plus_certified,tabular.permutation_45,2566,303,descriptive_secondary_not_primary,,0.128389670238013,,0.5217768568659202,,0.24685438363065704,,0.47005865534784963,303,,0.06329113924050633,,0.05687381226029004,,0.1,,0.837680579013657,2566,65,36,2497,0.014417300760913096,36,estimated,0.018995060022474496,69,0.057971014492753624,4,estimated,0.12776519330297353,2461,4,,,,,
gold_plus_certified,tabular.permutation_46,2566,303,descriptive_secondary_not_primary,,0.1902362023132653,,0.6218679807072836,,0.2510160956315931,,0.47425289592271963,303,,0.16304347826086957,,0.07885515122201907,,0.039596273291925464,,0.7385297139175706,2566,18,1237,2497,0.49539447336804165,1237,estimated,0.5120501541783266,69,0.7391304347826086,51,estimated,0.8241064682812524,1260,51,,,,,
gold_plus_certified,tabular.random_forest,2566,303,descriptive_secondary_not_primary,,0.03648746971203593,,0.5432519022827393,,0.8678264118592747,,0.8799923357377363,303,,0.13137852246763138,,0.05039741007790837,,0.029361702127659574,,0.6340681281305682,2566,0,2281,2497,0.9134961954345214,2281,estimated,0.9225867956775125,69,1.0,69,estimated,1.0,216,69,,,,,
gold_plus_certified,transformer,2566,303,descriptive_secondary_not_primary,,0.09992654374972518,,0.5036043251902282,,0.9657471487152696,,0.965905457923522,303,,0.1221671388101983,,0.013971782454836162,,0.02708006279434851,,0.5922730464963754,2566,0,2479,2497,0.9927913496195434,2479,estimated,0.9953356677081271,69,1.0,69,estimated,1.0,18,69,,,,,
ncsc_silver,cascade,417,412,,,,,,,,,,,,,,,,,,,,,,,,,,,417,1.0,417,estimated,1.0,,,,,,,
ncsc_silver,length_only,417,412,,,,,,,,,,,,,,,,,,,,,,,,,,,417,0.04316546762589928,18,estimated,0.06333985983081404,,,,,,,
ncsc_silver,logistic_l1,417,412,,,,,,,,,,,,,,,,,,,,,,,,,,,417,1.0,417,estimated,1.0,,,,,,,
ncsc_silver,policy,417,412,,,,,,,,,,,,,,,,,,,,,,,,,,,417,1.0,417,estimated,1.0,,,,,,,
ncsc_silver,seed_42.cascade,417,412,,,,,,,,,,,,,,,,,,,,,,,,,,,417,1.0,417,estimated,1.0,,,,,,,
ncsc_silver,seed_42.transformer,417,412,,,,,,,,,,,,,,,,,,,,,,,,,,,417,1.0,417,estimated,1.0,,,,,,,
ncsc_silver,seed_43.cascade,417,412,,,,,,,,,,,,,,,,,,,,,,,,,,,417,1.0,417,estimated,1.0,,,,,,,
ncsc_silver,seed_43.transformer,417,412,,,,,,,,,,,,,,,,,,,,,,,,,,,417,1.0,417,estimated,1.0,,,,,,,
ncsc_silver,seed_44.cascade,417,412,,,,,,,,,,,,,,,,,,,,,,,,,,,417,1.0,417,estimated,1.0,,,,,,,
ncsc_silver,seed_44.transformer,417,412,,,,,,,,,,,,,,,,,,,,,,,,,,,417,1.0,417,estimated,1.0,,,,,,,
ncsc_silver,seed_45.cascade,417,412,,,,,,,,,,,,,,,,,,,,,,,,,,,417,1.0,417,estimated,1.0,,,,,,,
ncsc_silver,seed_45.transformer,417,412,,,,,,,,,,,,,,,,,,,,,,,,,,,417,1.0,417,estimated,1.0,,,,,,,
ncsc_silver,seed_46.cascade,417,412,,,,,,,,,,,,,,,,,,,,,,,,,,,417,1.0,417,estimated,1.0,,,,,,,
ncsc_silver,seed_46.transformer,417,412,,,,,,,,,,,,,,,,,,,,,,,,,,,417,1.0,417,estimated,1.0,,,,,,,
ncsc_silver,tabular.formatting,417,412,,,,,,,,,,,,,,,,,,,,,,,,,,,417,0.0,0,estimated,0.007158266930348477,,,,,,,
ncsc_silver,tabular.permutation_42,417,412,,,,,,,,,,,,,,,,,,,,,,,,,,,417,0.05755395683453238,24,estimated,0.07998899393514451,,,,,,,
ncsc_silver,tabular.permutation_43,417,412,,,,,,,,,,,,,,,,,,,,,,,,,,,417,0.7386091127098321,308,estimated,0.773857761096219,,,,,,,
ncsc_silver,tabular.permutation_44,417,412,,,,,,,,,,,,,,,,,,,,,,,,,,,417,0.004796163069544364,2,estimated,0.015020247950515672,,,,,,,
ncsc_silver,tabular.permutation_45,417,412,,,,,,,,,,,,,,,,,,,,,,,,,,,417,0.11031175059952038,46,estimated,0.1388409570244216,,,,,,,
ncsc_silver,tabular.permutation_46,417,412,,,,,,,,,,,,,,,,,,,,,,,,,,,417,0.9376498800959233,391,estimated,0.955947156406532,,,,,,,
ncsc_silver,tabular.random_forest,417,412,,,,,,,,,,,,,,,,,,,,,,,,,,,417,1.0,417,estimated,1.0,,,,,,,
ncsc_silver,transformer,417,412,,,,,,,,,,,,,,,,,,,,,,,,,,,417,1.0,417,estimated,1.0,,,,,,,
tranco,cascade,1163,1163,,,,,,,,,,,,,,,,,,,,,,,,,,,,,,,,,,1163,1.0,1163,estimated,1.0
tranco,length_only,1163,1163,,,,,,,,,,,,,,,,,,,,,,,,,,,,,,,,,,1163,0.0,0,estimated,0.002572551402959816
tranco,logistic_l1,1163,1163,,,,,,,,,,,,,,,,,,,,,,,,,,,,,,,,,,1163,1.0,1163,estimated,1.0
tranco,policy,1163,1163,,,,,,,,,,,,,,,,,,,,,,,,,,,,,,,,,,1163,1.0,1163,estimated,1.0
tranco,seed_42.cascade,1163,1163,,,,,,,,,,,,,,,,,,,,,,,,,,,,,,,,,,1163,1.0,1163,estimated,1.0
tranco,seed_42.transformer,1163,1163,,,,,,,,,,,,,,,,,,,,,,,,,,,,,,,,,,1163,1.0,1163,estimated,1.0
tranco,seed_43.cascade,1163,1163,,,,,,,,,,,,,,,,,,,,,,,,,,,,,,,,,,1163,1.0,1163,estimated,1.0
tranco,seed_43.transformer,1163,1163,,,,,,,,,,,,,,,,,,,,,,,,,,,,,,,,,,1163,1.0,1163,estimated,1.0
tranco,seed_44.cascade,1163,1163,,,,,,,,,,,,,,,,,,,,,,,,,,,,,,,,,,1163,1.0,1163,estimated,1.0
tranco,seed_44.transformer,1163,1163,,,,,,,,,,,,,,,,,,,,,,,,,,,,,,,,,,1163,1.0,1163,estimated,1.0
tranco,seed_45.cascade,1163,1163,,,,,,,,,,,,,,,,,,,,,,,,,,,,,,,,,,1163,1.0,1163,estimated,1.0
tranco,seed_45.transformer,1163,1163,,,,,,,,,,,,,,,,,,,,,,,,,,,,,,,,,,1163,1.0,1163,estimated,1.0
tranco,seed_46.cascade,1163,1163,,,,,,,,,,,,,,,,,,,,,,,,,,,,,,,,,,1163,1.0,1163,estimated,1.0
tranco,seed_46.transformer,1163,1163,,,,,,,,,,,,,,,,,,,,,,,,,,,,,,,,,,1163,1.0,1163,estimated,1.0
tranco,tabular.formatting,1163,1163,,,,,,,,,,,,,,,,,,,,,,,,,,,,,,,,,,1163,0.0,0,estimated,0.002572551402959816
tranco,tabular.permutation_42,1163,1163,,,,,,,,,,,,,,,,,,,,,,,,,,,,,,,,,,1163,0.025795356835769563,30,estimated,0.03482624519500895
tranco,tabular.permutation_43,1163,1163,,,,,,,,,,,,,,,,,,,,,,,,,,,,,,,,,,1163,0.6036113499570077,702,estimated,0.6274202530411832
tranco,tabular.permutation_44,1163,1163,,,,,,,,,,,,,,,,,,,,,,,,,,,,,,,,,,1163,0.018056749785038694,21,estimated,0.02589864158515006
tranco,tabular.permutation_45,1163,1163,,,,,,,,,,,,,,,,,,,,,,,,,,,,,,,,,,1163,0.17970765262252794,209,estimated,0.19925141997478582
tranco,tabular.permutation_46,1163,1163,,,,,,,,,,,,,,,,,,,,,,,,,,,,,,,,,,1163,0.998280309544282,1161,estimated,0.999694359364963
tranco,tabular.random_forest,1163,1163,,,,,,,,,,,,,,,,,,,,,,,,,,,,,,,,,,1163,1.0,1163,estimated,1.0
tranco,transformer,1163,1163,,,,,,,,,,,,,,,,,,,,,,,,,,,,,,,,,,1163,1.0,1163,estimated,1.0
