model,bin,count,mean_probability,positive_fraction
baseline,0,60,0.023264638054807472,0.48333333333333334
baseline,1,1,0.11519792000030017,1.0
baseline,2,3,0.2566300153135783,1.0
baseline,3,2,0.3609969015962752,0.5
baseline,4,0,,
baseline,5,10,0.5738731864054181,0.1
baseline,6,74,0.6630669345098947,0.06756756756756757
baseline,7,249,0.7526834003796978,0.0642570281124498
baseline,8,350,0.8512049988006609,0.12
baseline,9,7873,0.9974194775575519,0.5783056014225835
candidate,0,0,,
candidate,1,58,0.17010343790312243,0.1206896551724138
candidate,2,246,0.23887060284437597,0.34552845528455284
candidate,3,90,0.35656594610788406,0.4777777777777778
candidate,4,54,0.44026848459792345,0.7222222222222222
candidate,5,35,0.5651496123508141,0.8
candidate,6,15,0.6453713934177135,0.9333333333333333
candidate,7,18,0.7666151473298517,1.0
candidate,8,1020,0.8862313206140374,0.10784313725490197
candidate,9,7086,0.9905020735876522,0.6078182331357607
