population,detector,rows,domains,count,index,mean_probability,positive_count,positive_fraction,probability_sum,squared_error_sum
internal,cascade,34593,29566,19763,0,0.014314920682242556,160,0.008095936851692557,282.90577744315965,162.49754452523675
internal,cascade,34593,29566,429,1,0.1367232795327425,23,0.053613053613053616,58.65428691954653,24.343739607451354
internal,cascade,34593,29566,132,2,0.24061207684345803,9,0.06818181818181818,31.76079414333646,12.09760867833378
internal,cascade,34593,29566,57,3,0.35244779518268254,8,0.14035087719298245,20.089524325412906,9.51620276935728
internal,cascade,34593,29566,35,4,0.44831254078697397,10,0.2857142857142857,15.690938927544089,8.033152402624395
internal,cascade,34593,29566,32,5,0.56193234717136,21,0.65625,17.98183510948352,7.12445679875742
internal,cascade,34593,29566,85,6,0.6542828623696674,70,0.8235294117647058,55.61404330142173,14.611986457120599
internal,cascade,34593,29566,201,7,0.7550391458727332,186,0.9253731343283582,151.7628683204194,19.814316052668733
internal,cascade,34593,29566,396,8,0.8532419298000432,383,0.9671717171717171,337.8838042008171,18.086458656966506
internal,cascade,34593,29566,13463,9,0.9962371646116622,13456,0.9994800564510139,13412.34094716681,8.932172896353844
internal,length_only,34593,29566,0,0,,0,,0.0,0.0
internal,length_only,34593,29566,442,1,0.1833661860046572,230,0.5203619909502263,81.04785421405849,162.60386508049592
internal,length_only,34593,29566,6498,2,0.25735341912731213,1984,0.3053247152970145,1672.2825174892744,1401.9305601745737
internal,length_only,34593,29566,8606,3,0.34779013143410065,2220,0.25795956309551477,2993.0818711218703,1726.7262045712291
internal,length_only,34593,29566,7173,4,0.4472962594597693,1823,0.25414749756029553,3208.456069104925,1630.0561692347082
internal,length_only,34593,29566,3974,5,0.5534715269630541,1372,0.34524408656265726,2199.495848151177,1058.884413912567
internal,length_only,34593,29566,2098,6,0.6548419659581468,1156,0.5510009532888466,1373.858444580192,535.1807541051276
internal,length_only,34593,29566,1414,7,0.754614811010699,1196,0.8458274398868458,1067.0253427691284,192.89179470281047
internal,length_only,34593,29566,1440,8,0.8516105439748047,1399,0.9715277777777778,1226.3191833237188,59.88996500177481
internal,length_only,34593,29566,2948,9,0.9760554264521606,2946,0.9993215739484396,2877.4113971809693,6.0768611405691155
internal,logistic_l1,34593,29566,19763,0,0.014314920682242556,160,0.008095936851692557,282.90577744315965,162.49754452523675
internal,logistic_l1,34593,29566,429,1,0.1367232795327425,23,0.053613053613053616,58.65428691954653,24.343739607451354
internal,logistic_l1,34593,29566,132,2,0.24061207684345803,9,0.06818181818181818,31.76079414333646,12.09760867833378
internal,logistic_l1,34593,29566,57,3,0.35244779518268254,8,0.14035087719298245,20.089524325412906,9.51620276935728
internal,logistic_l1,34593,29566,35,4,0.44831254078697397,10,0.2857142857142857,15.690938927544089,8.033152402624395
internal,logistic_l1,34593,29566,32,5,0.56193234717136,21,0.65625,17.98183510948352,7.12445679875742
internal,logistic_l1,34593,29566,85,6,0.6542828623696674,70,0.8235294117647058,55.61404330142173,14.611986457120599
internal,logistic_l1,34593,29566,201,7,0.7550391458727332,186,0.9253731343283582,151.7628683204194,19.814316052668733
internal,logistic_l1,34593,29566,396,8,0.8532419298000432,383,0.9671717171717171,337.8838042008171,18.086458656966506
internal,logistic_l1,34593,29566,13463,9,0.9962371646116622,13456,0.9994800564510139,13412.34094716681,8.932172896353844
internal,seed_42.cascade,34593,29566,19763,0,0.014314920682242556,160,0.008095936851692557,282.90577744315965,162.49754452523675
internal,seed_42.cascade,34593,29566,429,1,0.1367232795327425,23,0.053613053613053616,58.65428691954653,24.343739607451354
internal,seed_42.cascade,34593,29566,132,2,0.24061207684345803,9,0.06818181818181818,31.76079414333646,12.09760867833378
internal,seed_42.cascade,34593,29566,57,3,0.35244779518268254,8,0.14035087719298245,20.089524325412906,9.51620276935728
internal,seed_42.cascade,34593,29566,35,4,0.44831254078697397,10,0.2857142857142857,15.690938927544089,8.033152402624395
internal,seed_42.cascade,34593,29566,32,5,0.56193234717136,21,0.65625,17.98183510948352,7.12445679875742
internal,seed_42.cascade,34593,29566,85,6,0.6542828623696674,70,0.8235294117647058,55.61404330142173,14.611986457120599
internal,seed_42.cascade,34593,29566,201,7,0.7550391458727332,186,0.9253731343283582,151.7628683204194,19.814316052668733
internal,seed_42.cascade,34593,29566,396,8,0.8532419298000432,383,0.9671717171717171,337.8838042008171,18.086458656966506
internal,seed_42.cascade,34593,29566,13463,9,0.9962371646116622,13456,0.9994800564510139,13412.34094716681,8.932172896353844
internal,seed_42.transformer,34593,29566,20296,0,0.005544100962662764,104,0.005124162396531336,112.52307313820347,102.99794506420164
internal,seed_42.transformer,34593,29566,40,1,0.14467531573027373,5,0.125,5.787012629210949,4.513806119939067
internal,seed_42.transformer,34593,29566,17,2,0.24759105461485245,5,0.29411764705882354,4.209047928452492,3.384856488576684
internal,seed_42.transformer,34593,29566,11,3,0.36151876503771,4,0.36363636363636365,3.97670641541481,2.5575248869761227
internal,seed_42.transformer,34593,29566,19,4,0.44067703109038503,11,0.5789473684210527,8.372863590717316,5.186093477614595
internal,seed_42.transformer,34593,29566,12,5,0.5496156613032023,8,0.6666666666666666,6.595387935638428,2.900003545008296
internal,seed_42.transformer,34593,29566,12,6,0.6534697612126669,8,0.6666666666666666,7.841637134552002,2.704691525514562
internal,seed_42.transformer,34593,29566,4,7,0.7453983873128891,2,0.5,2.9815935492515564,1.2090413938333349
internal,seed_42.transformer,34593,29566,8,8,0.8594667091965675,8,1.0,6.87573367357254,0.16565297368729048
internal,seed_42.transformer,34593,29566,14174,9,0.9998853816558162,14171,0.99978834485678,14172.375399589539,2.6275925201263206
internal,seed_43.cascade,34593,29566,19763,0,0.014314920682242556,160,0.008095936851692557,282.90577744315965,162.49754452523675
internal,seed_43.cascade,34593,29566,429,1,0.1367232795327425,23,0.053613053613053616,58.65428691954653,24.343739607451354
internal,seed_43.cascade,34593,29566,132,2,0.24061207684345803,9,0.06818181818181818,31.76079414333646,12.09760867833378
internal,seed_43.cascade,34593,29566,57,3,0.35244779518268254,8,0.14035087719298245,20.089524325412906,9.51620276935728
internal,seed_43.cascade,34593,29566,35,4,0.44831254078697397,10,0.2857142857142857,15.690938927544089,8.033152402624395
internal,seed_43.cascade,34593,29566,32,5,0.56193234717136,21,0.65625,17.98183510948352,7.12445679875742
internal,seed_43.cascade,34593,29566,85,6,0.6542828623696674,70,0.8235294117647058,55.61404330142173,14.611986457120599
internal,seed_43.cascade,34593,29566,201,7,0.7550391458727332,186,0.9253731343283582,151.7628683204194,19.814316052668733
internal,seed_43.cascade,34593,29566,396,8,0.8532419298000432,383,0.9671717171717171,337.8838042008171,18.086458656966506
internal,seed_43.cascade,34593,29566,13463,9,0.9962371646116622,13456,0.9994800564510139,13412.34094716681,8.932172896353844
internal,seed_43.transformer,34593,29566,20018,0,0.011317020792694879,92,0.004595863722649615,226.5441222281661,93.78405589966975
internal,seed_43.transformer,34593,29566,232,1,0.1369514793864098,9,0.03879310344827586,31.772743217647076,10.78026744018389
internal,seed_43.transformer,34593,29566,66,2,0.2453986724669283,4,0.06060606060606061,16.19631238281727,6.062767621843464
internal,seed_43.transformer,34593,29566,28,3,0.33819896089179174,7,0.25,9.469570904970169,5.5323592511837605
internal,seed_43.transformer,34593,29566,25,4,0.448314266204834,9,0.36,11.20785665512085,5.893746729928187
internal,seed_43.transformer,34593,29566,12,5,0.5478030989567438,4,0.3333333333333333,6.5736371874809265,3.3436296260575524
internal,seed_43.transformer,34593,29566,6,6,0.6499842802683512,2,0.3333333333333333,3.8999056816101074,1.8743273694782445
internal,seed_43.transformer,34593,29566,14,7,0.7579401390893119,9,0.6428571428571429,10.611161947250366,3.3633856960016075
internal,seed_43.transformer,34593,29566,16,8,0.8676700368523598,14,0.875,13.882720589637756,1.8318042382994264
internal,seed_43.transformer,34593,29566,14176,9,0.9998418661191824,14176,1.0,14173.75829410553,0.11029301535182157
internal,seed_44.cascade,34593,29566,19763,0,0.014314920682242556,160,0.008095936851692557,282.90577744315965,162.49754452523675
internal,seed_44.cascade,34593,29566,429,1,0.1367232795327425,23,0.053613053613053616,58.65428691954653,24.343739607451354
internal,seed_44.cascade,34593,29566,132,2,0.24061207684345803,9,0.06818181818181818,31.76079414333646,12.09760867833378
internal,seed_44.cascade,34593,29566,57,3,0.35244779518268254,8,0.14035087719298245,20.089524325412906,9.51620276935728
internal,seed_44.cascade,34593,29566,35,4,0.44831254078697397,10,0.2857142857142857,15.690938927544089,8.033152402624395
internal,seed_44.cascade,34593,29566,32,5,0.56193234717136,21,0.65625,17.98183510948352,7.12445679875742
internal,seed_44.cascade,34593,29566,85,6,0.6542828623696674,70,0.8235294117647058,55.61404330142173,14.611986457120599
internal,seed_44.cascade,34593,29566,201,7,0.7550391458727332,186,0.9253731343283582,151.7628683204194,19.814316052668733
internal,seed_44.cascade,34593,29566,396,8,0.8532419298000432,383,0.9671717171717171,337.8838042008171,18.086458656966506
internal,seed_44.cascade,34593,29566,13463,9,0.9962371646116622,13456,0.9994800564510139,13412.34094716681,8.932172896353844
internal,seed_44.transformer,34593,29566,20324,0,0.002842467527683876,107,0.005264711670930919,57.7703100326471,105.36608038189173
internal,seed_44.transformer,34593,29566,39,1,0.14263576689438942,9,0.23076923076923078,5.562794908881187,7.217474574983056
internal,seed_44.transformer,34593,29566,10,2,0.25982884913682935,6,0.6,2.5982884913682938,3.3747467552866564
internal,seed_44.transformer,34593,29566,11,3,0.34624733979051764,5,0.45454545454545453,3.808720737695694,2.9450101509707602
internal,seed_44.transformer,34593,29566,8,4,0.4385625459253788,4,0.5,3.5085003674030304,2.116663367652241
internal,seed_44.transformer,34593,29566,7,5,0.5741641180855888,4,0.5714285714285714,4.019148826599121,1.6856701668587988
internal,seed_44.transformer,34593,29566,1,6,0.6921525597572327,0,0.0,0.6921525597572327,0.47907516597848954
internal,seed_44.transformer,34593,29566,3,7,0.7565864125887553,3,1.0,2.269759237766266,0.17826439743334177
internal,seed_44.transformer,34593,29566,14,8,0.851332528250558,12,0.8571428571428571,11.918655395507812,1.7139473194509378
internal,seed_44.transformer,34593,29566,14176,9,0.9999320136748977,14176,1.0,14175.03622585535,0.04380958742237695
internal,seed_45.cascade,34593,29566,19763,0,0.014314920682242556,160,0.008095936851692557,282.90577744315965,162.49754452523675
internal,seed_45.cascade,34593,29566,429,1,0.1367232795327425,23,0.053613053613053616,58.65428691954653,24.343739607451354
internal,seed_45.cascade,34593,29566,132,2,0.24061207684345803,9,0.06818181818181818,31.76079414333646,12.09760867833378
internal,seed_45.cascade,34593,29566,57,3,0.35244779518268254,8,0.14035087719298245,20.089524325412906,9.51620276935728
internal,seed_45.cascade,34593,29566,35,4,0.44831254078697397,10,0.2857142857142857,15.690938927544089,8.033152402624395
internal,seed_45.cascade,34593,29566,32,5,0.56193234717136,21,0.65625,17.98183510948352,7.12445679875742
internal,seed_45.cascade,34593,29566,85,6,0.6542828623696674,70,0.8235294117647058,55.61404330142173,14.611986457120599
internal,seed_45.cascade,34593,29566,201,7,0.7550391458727332,186,0.9253731343283582,151.7628683204194,19.814316052668733
internal,seed_45.cascade,34593,29566,396,8,0.8532419298000432,383,0.9671717171717171,337.8838042008171,18.086458656966506
internal,seed_45.cascade,34593,29566,13463,9,0.9962371646116622,13456,0.9994800564510139,13412.34094716681,8.932172896353844
internal,seed_45.transformer,34593,29566,20281,0,0.0038201305776464183,107,0.005275873970711504,77.476068245247,104.89068200366411
internal,seed_45.transformer,34593,29566,53,1,0.14500058554815795,4,0.07547169811320754,7.685031034052372,3.934616230380137
internal,seed_45.transformer,34593,29566,24,2,0.2409527034809192,6,0.25,5.782864883542061,4.325083167725337
internal,seed_45.transformer,34593,29566,16,3,0.347574632614851,5,0.3125,5.561194121837616,3.504535912754813
internal,seed_45.transformer,34593,29566,6,4,0.43200916051864624,5,0.8333333333333334,2.5920549631118774,1.8863071072644608
internal,seed_45.transformer,34593,29566,9,5,0.5389887624316745,4,0.4444444444444444,4.850898861885071,2.21949921118442
internal,seed_45.transformer,34593,29566,6,6,0.6351289749145508,3,0.5,3.8107738494873047,1.7202622444456352
internal,seed_45.transformer,34593,29566,8,7,0.761812761425972,5,0.625,6.094502091407776,2.0556181970852805
internal,seed_45.transformer,34593,29566,11,8,0.8630275347016074,9,0.8181818181818182,9.493302881717682,1.6816126810272571
internal,seed_45.transformer,34593,29566,14179,9,0.9999072116515442,14178,0.9999294731645391,14177.684354007244,0.9293636587170191
internal,seed_46.cascade,34593,29566,19763,0,0.014314920682242556,160,0.008095936851692557,282.90577744315965,162.49754452523675
internal,seed_46.cascade,34593,29566,429,1,0.1367232795327425,23,0.053613053613053616,58.65428691954653,24.343739607451354
internal,seed_46.cascade,34593,29566,132,2,0.24061207684345803,9,0.06818181818181818,31.76079414333646,12.09760867833378
internal,seed_46.cascade,34593,29566,57,3,0.35244779518268254,8,0.14035087719298245,20.089524325412906,9.51620276935728
internal,seed_46.cascade,34593,29566,35,4,0.44831254078697397,10,0.2857142857142857,15.690938927544089,8.033152402624395
internal,seed_46.cascade,34593,29566,32,5,0.56193234717136,21,0.65625,17.98183510948352,7.12445679875742
internal,seed_46.cascade,34593,29566,85,6,0.6542828623696674,70,0.8235294117647058,55.61404330142173,14.611986457120599
internal,seed_46.cascade,34593,29566,201,7,0.7550391458727332,186,0.9253731343283582,151.7628683204194,19.814316052668733
internal,seed_46.cascade,34593,29566,396,8,0.8532419298000432,383,0.9671717171717171,337.8838042008171,18.086458656966506
internal,seed_46.cascade,34593,29566,13463,9,0.9962371646116622,13456,0.9994800564510139,13412.34094716681,8.932172896353844
internal,seed_46.transformer,34593,29566,20377,0,0.003855714069117624,131,0.0064288168032585755,78.56788558640983,127.77243470575493
internal,seed_46.transformer,34593,29566,20,1,0.13958472497761248,7,0.35,2.79169449955225,5.456536454431519
internal,seed_46.transformer,34593,29566,12,2,0.2349039912223816,10,0.8333333333333334,2.818847894668579,5.937485292979904
internal,seed_46.transformer,34593,29566,7,3,0.31509416018213543,3,0.42857142857142855,2.205659121274948,1.7992159681049253
internal,seed_46.transformer,34593,29566,4,4,0.4483344778418541,3,0.75,1.7933379113674164,1.0267469357357344
internal,seed_46.transformer,34593,29566,3,5,0.5756570895512899,3,1.0,1.7269712686538696,0.5417400754474144
internal,seed_46.transformer,34593,29566,6,6,0.6376635432243347,6,1.0,3.8259812593460083,0.7925837826185855
internal,seed_46.transformer,34593,29566,11,7,0.7550490335984663,10,0.9090909090909091,8.30553936958313,1.1860049010192881
internal,seed_46.transformer,34593,29566,11,8,0.8670452778989618,11,1.0,9.53749805688858,0.20166098733929871
internal,seed_46.transformer,34593,29566,14142,9,0.9999089521728535,14142,1.0,14140.712401628494,0.052444219265701975
internal,tabular.formatting,34593,29566,0,0,,0,,0.0,0.0
internal,tabular.formatting,34593,29566,0,1,,0,,0.0,0.0
internal,tabular.formatting,34593,29566,25937,2,0.28818701309880335,5670,0.21860662374214443,7474.706558743663,4556.072628413941
internal,tabular.formatting,34593,29566,0,3,,0,,0.0,0.0
internal,tabular.formatting,34593,29566,0,4,,0,,0.0,0.0
internal,tabular.formatting,34593,29566,0,5,,0,,0.0,0.0
internal,tabular.formatting,34593,29566,0,6,,0,,0.0,0.0
internal,tabular.formatting,34593,29566,0,7,,0,,0.0,0.0
internal,tabular.formatting,34593,29566,0,8,,0,,0.0,0.0
internal,tabular.formatting,34593,29566,8656,9,0.9999256180310391,8656,1.0,8655.356149676674,4.789602192678565e-05
internal,tabular.permutation_42,34593,29566,0,0,,0,,0.0,0.0
internal,tabular.permutation_42,34593,29566,1,1,0.19773075305724763,1,1.0,0.19773075305724763,0.643635944590091
internal,tabular.permutation_42,34593,29566,1,2,0.20017430346852855,1,1.0,0.20017430346852855,0.6397211448320533
internal,tabular.permutation_42,34593,29566,2,3,0.38241748951472876,2,1.0,0.7648349790294575,0.7629933356142886
internal,tabular.permutation_42,34593,29566,20035,4,0.4983100968802519,8198,0.40918392812577986,9983.642790995847,5016.0936914268805
internal,tabular.permutation_42,34593,29566,14553,5,0.5029608459078067,6123,0.4207379921665636,7319.589190496311,3616.842342151285
internal,tabular.permutation_42,34593,29566,1,6,0.6457368815435881,1,1.0,0.6457368815435881,0.12550235709846172
internal,tabular.permutation_42,34593,29566,0,7,,0,,0.0,0.0
internal,tabular.permutation_42,34593,29566,0,8,,0,,0.0,0.0
internal,tabular.permutation_42,34593,29566,0,9,,0,,0.0,0.0
internal,tabular.permutation_43,34593,29566,0,0,,0,,0.0,0.0
internal,tabular.permutation_43,34593,29566,0,1,,0,,0.0,0.0
internal,tabular.permutation_43,34593,29566,0,2,,0,,0.0,0.0
internal,tabular.permutation_43,34593,29566,0,3,,0,,0.0,0.0
internal,tabular.permutation_43,34593,29566,17818,4,0.4969354018421601,6291,0.3530699292849927,8854.39499002361,4447.440473750051
internal,tabular.permutation_43,34593,29566,16775,5,0.5028122902768953,8035,0.4789865871833085,8434.67616939492,4170.160781658471
internal,tabular.permutation_43,34593,29566,0,6,,0,,0.0,0.0
internal,tabular.permutation_43,34593,29566,0,7,,0,,0.0,0.0
internal,tabular.permutation_43,34593,29566,0,8,,0,,0.0,0.0
internal,tabular.permutation_43,34593,29566,0,9,,0,,0.0,0.0
internal,tabular.permutation_44,34593,29566,0,0,,0,,0.0,0.0
internal,tabular.permutation_44,34593,29566,1,1,0.15020785197655204,1,1.0,0.15020785197655204,0.7221466948423056
internal,tabular.permutation_44,34593,29566,0,2,,0,,0.0,0.0
internal,tabular.permutation_44,34593,29566,9,3,0.3377384560456734,9,1.0,3.0396461044110605,3.9473378072332483
internal,tabular.permutation_44,34593,29566,18785,4,0.4978849947032522,6635,0.35320734628693107,9352.769625500592,4705.862980766894
internal,tabular.permutation_44,34593,29566,15794,5,0.5029204968856585,7677,0.48607065974420666,7943.126327812091,3934.6998885340386
internal,tabular.permutation_44,34593,29566,4,6,0.6080143864203794,4,1.0,2.4320575456815177,0.6146702700805029
internal,tabular.permutation_44,34593,29566,0,7,,0,,0.0,0.0
internal,tabular.permutation_44,34593,29566,0,8,,0,,0.0,0.0
internal,tabular.permutation_44,34593,29566,0,9,,0,,0.0,0.0
internal,tabular.permutation_45,34593,29566,0,0,,0,,0.0,0.0
internal,tabular.permutation_45,34593,29566,0,1,,0,,0.0,0.0
internal,tabular.permutation_45,34593,29566,0,2,,0,,0.0,0.0
internal,tabular.permutation_45,34593,29566,0,3,,0,,0.0,0.0
internal,tabular.permutation_45,34593,29566,17005,4,0.49603080521793746,8305,0.4883857688915025,8435.003842731026,4283.790148216501
internal,tabular.permutation_45,34593,29566,17576,5,0.5032997954818267,6009,0.34188666363222575,8845.997205388585,4394.047432004531
internal,tabular.permutation_45,34593,29566,12,6,0.6484571223976765,12,1.0,7.781485468772118,1.488067690823445
internal,tabular.permutation_45,34593,29566,0,7,,0,,0.0,0.0
internal,tabular.permutation_45,34593,29566,0,8,,0,,0.0,0.0
internal,tabular.permutation_45,34593,29566,0,9,,0,,0.0,0.0
internal,tabular.permutation_46,34593,29566,0,0,,0,,0.0,0.0
internal,tabular.permutation_46,34593,29566,0,1,,0,,0.0,0.0
internal,tabular.permutation_46,34593,29566,0,2,,0,,0.0,0.0
internal,tabular.permutation_46,34593,29566,1,3,0.3979998402542341,1,1.0,0.3979998402542341,0.36240419233392757
internal,tabular.permutation_46,34593,29566,20850,4,0.49750568197035416,5245,0.25155875299760194,10372.993469081885,5216.298428211516
internal,tabular.permutation_46,34593,29566,13731,5,0.5033044832722825,9069,0.6604762945160586,6910.873859811711,3392.865906783082
internal,tabular.permutation_46,34593,29566,11,6,0.6094507517933065,11,1.0,6.703958269726372,1.6779164854449895
internal,tabular.permutation_46,34593,29566,0,7,,0,,0.0,0.0
internal,tabular.permutation_46,34593,29566,0,8,,0,,0.0,0.0
internal,tabular.permutation_46,34593,29566,0,9,,0,,0.0,0.0
internal,tabular.random_forest,34593,29566,20029,0,0.003577809334246507,105,0.005242398522142893,71.6599431556233,105.50346547277842
internal,tabular.random_forest,34593,29566,210,1,0.13468578466351067,9,0.04285714285714286,28.284014779337237,10.412669754687109
internal,tabular.random_forest,34593,29566,57,2,0.2380443202945397,4,0.07017543859649122,13.568526256788763,5.413290369462264
internal,tabular.random_forest,34593,29566,35,3,0.34476267343754535,6,0.17142857142857143,12.066693570314087,6.131330032088635
internal,tabular.random_forest,34593,29566,24,4,0.4485967363199979,9,0.375,10.76632167167995,6.022914267936789
internal,tabular.random_forest,34593,29566,23,5,0.5580054940715325,7,0.30434782608695654,12.834126363645249,6.4230745722499805
internal,tabular.random_forest,34593,29566,21,6,0.6428571428571429,7,0.3333333333333333,13.5,6.5784
internal,tabular.random_forest,34593,29566,20,7,0.7318670481071152,8,0.4,14.637340962142304,6.9421490416653615
internal,tabular.random_forest,34593,29566,22,8,0.8600453820611395,19,0.8636363636363636,18.920998405345067,2.5058844438574512
internal,tabular.random_forest,34593,29566,14152,9,0.9991424678588571,14152,1.0,14139.864205138545,0.39743117357760643
internal,transformer,34593,29566,20296,0,0.005544100962662764,104,0.005124162396531336,112.52307313820347,102.99794506420164
internal,transformer,34593,29566,40,1,0.14467531573027373,5,0.125,5.787012629210949,4.513806119939067
internal,transformer,34593,29566,17,2,0.24759105461485245,5,0.29411764705882354,4.209047928452492,3.384856488576684
internal,transformer,34593,29566,11,3,0.36151876503771,4,0.36363636363636365,3.97670641541481,2.5575248869761227
internal,transformer,34593,29566,19,4,0.44067703109038503,11,0.5789473684210527,8.372863590717316,5.186093477614595
internal,transformer,34593,29566,12,5,0.5496156613032023,8,0.6666666666666666,6.595387935638428,2.900003545008296
internal,transformer,34593,29566,12,6,0.6534697612126669,8,0.6666666666666666,7.841637134552002,2.704691525514562
internal,transformer,34593,29566,4,7,0.7453983873128891,2,0.5,2.9815935492515564,1.2090413938333349
internal,transformer,34593,29566,8,8,0.8594667091965675,8,1.0,6.87573367357254,0.16565297368729048
internal,transformer,34593,29566,14174,9,0.9998853816558162,14171,0.99978834485678,14172.375399589539,2.6275925201263206
gold_plus_certified,cascade,2566,303,230,0,0.012910102945196867,0,0.0,2.969323677395279,0.09396809595252838
gold_plus_certified,cascade,2566,303,5,1,0.13555310430936293,0,0.0,0.6777655215468147,0.09542050489073173
gold_plus_certified,cascade,2566,303,2,2,0.2710753765095073,0,0.0,0.5421507530190146,0.14775317676309668
gold_plus_certified,cascade,2566,303,1,3,0.3488849559371928,0,0.0,0.3488849559371928,0.12172071247929697
gold_plus_certified,cascade,2566,303,2,4,0.4623042348638391,0,0.0,0.9246084697276782,0.42803691118843157
gold_plus_certified,cascade,2566,303,2,5,0.5465284838975718,0,0.0,1.0930569677951436,0.5995092094323833
gold_plus_certified,cascade,2566,303,3,6,0.6767094710255228,0,0.0,2.0301284130765684,1.373913583470573
gold_plus_certified,cascade,2566,303,2,7,0.7622208774832395,0,0.0,1.524441754966479,1.1622801752539345
gold_plus_certified,cascade,2566,303,0,8,,0,,0.0,0.0
gold_plus_certified,cascade,2566,303,2319,9,0.9990867908247605,69,0.029754204398447608,2316.8822679226196,2245.8070659223736
gold_plus_certified,length_only,2566,303,0,0,,0,,0.0,0.0
gold_plus_certified,length_only,2566,303,60,1,0.16774982998417798,6,0.1,10.064989799050679,5.552744057925231
gold_plus_certified,length_only,2566,303,122,2,0.24900967573650887,17,0.13934426229508196,30.379180439854082,16.090011612220543
gold_plus_certified,length_only,2566,303,369,3,0.3537460920340909,13,0.03523035230352303,130.53230796057954,50.08350647465538
gold_plus_certified,length_only,2566,303,505,4,0.45049706257879807,7,0.013861386138613862,227.50101660229302,103.73548199961634
gold_plus_certified,length_only,2566,303,484,5,0.5555185744975454,6,0.012396694214876033,268.870990056812,149.2901814044651
gold_plus_certified,length_only,2566,303,540,6,0.6637750823233913,3,0.005555555555555556,358.4385444546313,237.34272687733943
gold_plus_certified,length_only,2566,303,442,7,0.7497984046549375,2,0.004524886877828055,331.4108948574824,247.77809042972376
gold_plus_certified,length_only,2566,303,33,8,0.8337421669350089,4,0.12121212121212122,27.513491508855296,20.110259822203552
gold_plus_certified,length_only,2566,303,11,9,0.9444935445981045,11,1.0,10.38942899057915,0.0399327079037529
gold_plus_certified,logistic_l1,2566,303,230,0,0.012910102945196867,0,0.0,2.969323677395279,0.09396809595252838
gold_plus_certified,logistic_l1,2566,303,5,1,0.13555310430936293,0,0.0,0.6777655215468147,0.09542050489073173
gold_plus_certified,logistic_l1,2566,303,2,2,0.2710753765095073,0,0.0,0.5421507530190146,0.14775317676309668
gold_plus_certified,logistic_l1,2566,303,1,3,0.3488849559371928,0,0.0,0.3488849559371928,0.12172071247929697
gold_plus_certified,logistic_l1,2566,303,2,4,0.4623042348638391,0,0.0,0.9246084697276782,0.42803691118843157
gold_plus_certified,logistic_l1,2566,303,2,5,0.5465284838975718,0,0.0,1.0930569677951436,0.5995092094323833
gold_plus_certified,logistic_l1,2566,303,3,6,0.6767094710255228,0,0.0,2.0301284130765684,1.373913583470573
gold_plus_certified,logistic_l1,2566,303,2,7,0.7622208774832395,0,0.0,1.524441754966479,1.1622801752539345
gold_plus_certified,logistic_l1,2566,303,0,8,,0,,0.0,0.0
gold_plus_certified,logistic_l1,2566,303,2319,9,0.9990867908247605,69,0.029754204398447608,2316.8822679226196,2245.8070659223736
gold_plus_certified,policy,2566,303,18,0,0.00789732771873888,0,0.0,0.14215189893729985,0.0017570281837043155
gold_plus_certified,policy,2566,303,0,1,,0,,0.0,0.0
gold_plus_certified,policy,2566,303,0,2,,0,,0.0,0.0
gold_plus_certified,policy,2566,303,1,3,0.39849597215652466,0,0.0,0.39849597215652466,0.15879903982497368
gold_plus_certified,policy,2566,303,0,4,,0,,0.0,0.0
gold_plus_certified,policy,2566,303,0,5,,0,,0.0,0.0
gold_plus_certified,policy,2566,303,0,6,,0,,0.0,0.0
gold_plus_certified,policy,2566,303,0,7,,0,,0.0,0.0
gold_plus_certified,policy,2566,303,0,8,,0,,0.0,0.0
gold_plus_certified,policy,2566,303,2547,9,0.999986199778741,69,0.027090694935217905,2546.9648508364535,2477.9466335834486
gold_plus_certified,seed_42.cascade,2566,303,230,0,0.012910102945196867,0,0.0,2.969323677395279,0.09396809595252838
gold_plus_certified,seed_42.cascade,2566,303,5,1,0.13555310430936293,0,0.0,0.6777655215468147,0.09542050489073173
gold_plus_certified,seed_42.cascade,2566,303,2,2,0.2710753765095073,0,0.0,0.5421507530190146,0.14775317676309668
gold_plus_certified,seed_42.cascade,2566,303,1,3,0.3488849559371928,0,0.0,0.3488849559371928,0.12172071247929697
gold_plus_certified,seed_42.cascade,2566,303,2,4,0.4623042348638391,0,0.0,0.9246084697276782,0.42803691118843157
gold_plus_certified,seed_42.cascade,2566,303,2,5,0.5465284838975718,0,0.0,1.0930569677951436,0.5995092094323833
gold_plus_certified,seed_42.cascade,2566,303,3,6,0.6767094710255228,0,0.0,2.0301284130765684,1.373913583470573
gold_plus_certified,seed_42.cascade,2566,303,2,7,0.7622208774832395,0,0.0,1.524441754966479,1.1622801752539345
gold_plus_certified,seed_42.cascade,2566,303,0,8,,0,,0.0,0.0
gold_plus_certified,seed_42.cascade,2566,303,2319,9,0.9990867908247605,69,0.029754204398447608,2316.8822679226196,2245.8070659223736
gold_plus_certified,seed_42.transformer,2566,303,18,0,0.00789732771873888,0,0.0,0.14215189893729985,0.0017570281837043155
gold_plus_certified,seed_42.transformer,2566,303,0,1,,0,,0.0,0.0
gold_plus_certified,seed_42.transformer,2566,303,0,2,,0,,0.0,0.0
gold_plus_certified,seed_42.transformer,2566,303,1,3,0.39849597215652466,0,0.0,0.39849597215652466,0.15879903982497368
gold_plus_certified,seed_42.transformer,2566,303,0,4,,0,,0.0,0.0
gold_plus_certified,seed_42.transformer,2566,303,0,5,,0,,0.0,0.0
gold_plus_certified,seed_42.transformer,2566,303,0,6,,0,,0.0,0.0
gold_plus_certified,seed_42.transformer,2566,303,0,7,,0,,0.0,0.0
gold_plus_certified,seed_42.transformer,2566,303,0,8,,0,,0.0,0.0
gold_plus_certified,seed_42.transformer,2566,303,2547,9,0.9999893039500053,69,0.027090694935217905,2546.9727571606636,2477.946627535373
gold_plus_certified,seed_43.cascade,2566,303,230,0,0.012910102945196867,0,0.0,2.969323677395279,0.09396809595252838
gold_plus_certified,seed_43.cascade,2566,303,5,1,0.13555310430936293,0,0.0,0.6777655215468147,0.09542050489073173
gold_plus_certified,seed_43.cascade,2566,303,2,2,0.2710753765095073,0,0.0,0.5421507530190146,0.14775317676309668
gold_plus_certified,seed_43.cascade,2566,303,1,3,0.3488849559371928,0,0.0,0.3488849559371928,0.12172071247929697
gold_plus_certified,seed_43.cascade,2566,303,2,4,0.4623042348638391,0,0.0,0.9246084697276782,0.42803691118843157
gold_plus_certified,seed_43.cascade,2566,303,2,5,0.5465284838975718,0,0.0,1.0930569677951436,0.5995092094323833
gold_plus_certified,seed_43.cascade,2566,303,3,6,0.6767094710255228,0,0.0,2.0301284130765684,1.373913583470573
gold_plus_certified,seed_43.cascade,2566,303,2,7,0.7622208774832395,0,0.0,1.524441754966479,1.1622801752539345
gold_plus_certified,seed_43.cascade,2566,303,0,8,,0,,0.0,0.0
gold_plus_certified,seed_43.cascade,2566,303,2319,9,0.9990867908247605,69,0.029754204398447608,2316.8822679226196,2245.8070659223736
gold_plus_certified,seed_43.transformer,2566,303,17,0,0.018445356118985835,0,0.0,0.3135710540227592,0.012939453529929666
gold_plus_certified,seed_43.transformer,2566,303,0,1,,0,,0.0,0.0
gold_plus_certified,seed_43.transformer,2566,303,0,2,,0,,0.0,0.0
gold_plus_certified,seed_43.transformer,2566,303,1,3,0.39783504605293274,0,0.0,0.39783504605293274,0.1582727238679391
gold_plus_certified,seed_43.transformer,2566,303,1,4,0.46966123580932617,0,0.0,0.46966123580932617,0.22058167642194348
gold_plus_certified,seed_43.transformer,2566,303,0,5,,0,,0.0,0.0
gold_plus_certified,seed_43.transformer,2566,303,0,6,,0,,0.0,0.0
gold_plus_certified,seed_43.transformer,2566,303,0,7,,0,,0.0,0.0
gold_plus_certified,seed_43.transformer,2566,303,0,8,,0,,0.0,0.0
gold_plus_certified,seed_43.transformer,2566,303,2547,9,0.9999866210389334,69,0.027090694935217905,2546.9659237861633,2477.9331718113044
gold_plus_certified,seed_44.cascade,2566,303,230,0,0.012910102945196867,0,0.0,2.969323677395279,0.09396809595252838
gold_plus_certified,seed_44.cascade,2566,303,5,1,0.13555310430936293,0,0.0,0.6777655215468147,0.09542050489073173
gold_plus_certified,seed_44.cascade,2566,303,2,2,0.2710753765095073,0,0.0,0.5421507530190146,0.14775317676309668
gold_plus_certified,seed_44.cascade,2566,303,1,3,0.3488849559371928,0,0.0,0.3488849559371928,0.12172071247929697
gold_plus_certified,seed_44.cascade,2566,303,2,4,0.4623042348638391,0,0.0,0.9246084697276782,0.42803691118843157
gold_plus_certified,seed_44.cascade,2566,303,2,5,0.5465284838975718,0,0.0,1.0930569677951436,0.5995092094323833
gold_plus_certified,seed_44.cascade,2566,303,3,6,0.6767094710255228,0,0.0,2.0301284130765684,1.373913583470573
gold_plus_certified,seed_44.cascade,2566,303,2,7,0.7622208774832395,0,0.0,1.524441754966479,1.1622801752539345
gold_plus_certified,seed_44.cascade,2566,303,0,8,,0,,0.0,0.0
gold_plus_certified,seed_44.cascade,2566,303,2319,9,0.9990867908247605,69,0.029754204398447608,2316.8822679226196,2245.8070659223736
gold_plus_certified,seed_44.transformer,2566,303,17,0,0.004087693140129833,0,0.0,0.06949078338220716,0.0007614584521840941
gold_plus_certified,seed_44.transformer,2566,303,0,1,,0,,0.0,0.0
gold_plus_certified,seed_44.transformer,2566,303,0,2,,0,,0.0,0.0
gold_plus_certified,seed_44.transformer,2566,303,1,3,0.39732596278190613,0,0.0,0.39732596278190613,0.15786792070056865
gold_plus_certified,seed_44.transformer,2566,303,1,4,0.428343802690506,0,0.0,0.428343802690506,0.18347841330336312
gold_plus_certified,seed_44.transformer,2566,303,0,5,,0,,0.0,0.0
gold_plus_certified,seed_44.transformer,2566,303,0,6,,0,,0.0,0.0
gold_plus_certified,seed_44.transformer,2566,303,0,7,,0,,0.0,0.0
gold_plus_certified,seed_44.transformer,2566,303,0,8,,0,,0.0,0.0
gold_plus_certified,seed_44.transformer,2566,303,2547,9,0.9999893122576806,69,0.027090694935217905,2546.9727783203125,2477.946191302534
gold_plus_certified,seed_45.cascade,2566,303,230,0,0.012910102945196867,0,0.0,2.969323677395279,0.09396809595252838
gold_plus_certified,seed_45.cascade,2566,303,5,1,0.13555310430936293,0,0.0,0.6777655215468147,0.09542050489073173
gold_plus_certified,seed_45.cascade,2566,303,2,2,0.2710753765095073,0,0.0,0.5421507530190146,0.14775317676309668
gold_plus_certified,seed_45.cascade,2566,303,1,3,0.3488849559371928,0,0.0,0.3488849559371928,0.12172071247929697
gold_plus_certified,seed_45.cascade,2566,303,2,4,0.4623042348638391,0,0.0,0.9246084697276782,0.42803691118843157
gold_plus_certified,seed_45.cascade,2566,303,2,5,0.5465284838975718,0,0.0,1.0930569677951436,0.5995092094323833
gold_plus_certified,seed_45.cascade,2566,303,3,6,0.6767094710255228,0,0.0,2.0301284130765684,1.373913583470573
gold_plus_certified,seed_45.cascade,2566,303,2,7,0.7622208774832395,0,0.0,1.524441754966479,1.1622801752539345
gold_plus_certified,seed_45.cascade,2566,303,0,8,,0,,0.0,0.0
gold_plus_certified,seed_45.cascade,2566,303,2319,9,0.9990867908247605,69,0.029754204398447608,2316.8822679226196,2245.8070659223736
gold_plus_certified,seed_45.transformer,2566,303,17,0,0.007807751261519597,0,0.0,0.13273177144583315,0.003873820193836564
gold_plus_certified,seed_45.transformer,2566,303,0,1,,0,,0.0,0.0
gold_plus_certified,seed_45.transformer,2566,303,1,2,0.2825269103050232,0,0.0,0.2825269103050232,0.07982145504650262
gold_plus_certified,seed_45.transformer,2566,303,0,3,,0,,0.0,0.0
gold_plus_certified,seed_45.transformer,2566,303,1,4,0.4636509120464325,0,0.0,0.4636509120464325,0.21497216824148868
gold_plus_certified,seed_45.transformer,2566,303,0,5,,0,,0.0,0.0
gold_plus_certified,seed_45.transformer,2566,303,0,6,,0,,0.0,0.0
gold_plus_certified,seed_45.transformer,2566,303,0,7,,0,,0.0,0.0
gold_plus_certified,seed_45.transformer,2566,303,0,8,,0,,0.0,0.0
gold_plus_certified,seed_45.transformer,2566,303,2547,9,0.9999952822935361,69,0.027090694935217905,2546.9879840016365,2477.976503611504
gold_plus_certified,seed_46.cascade,2566,303,230,0,0.012910102945196867,0,0.0,2.969323677395279,0.09396809595252838
gold_plus_certified,seed_46.cascade,2566,303,5,1,0.13555310430936293,0,0.0,0.6777655215468147,0.09542050489073173
gold_plus_certified,seed_46.cascade,2566,303,2,2,0.2710753765095073,0,0.0,0.5421507530190146,0.14775317676309668
gold_plus_certified,seed_46.cascade,2566,303,1,3,0.3488849559371928,0,0.0,0.3488849559371928,0.12172071247929697
gold_plus_certified,seed_46.cascade,2566,303,2,4,0.4623042348638391,0,0.0,0.9246084697276782,0.42803691118843157
gold_plus_certified,seed_46.cascade,2566,303,2,5,0.5465284838975718,0,0.0,1.0930569677951436,0.5995092094323833
gold_plus_certified,seed_46.cascade,2566,303,3,6,0.6767094710255228,0,0.0,2.0301284130765684,1.373913583470573
gold_plus_certified,seed_46.cascade,2566,303,2,7,0.7622208774832395,0,0.0,1.524441754966479,1.1622801752539345
gold_plus_certified,seed_46.cascade,2566,303,0,8,,0,,0.0,0.0
gold_plus_certified,seed_46.cascade,2566,303,2319,9,0.9990867908247605,69,0.029754204398447608,2316.8822679226196,2245.8070659223736
gold_plus_certified,seed_46.transformer,2566,303,17,0,0.004336775759892429,0,0.0,0.07372518791817129,0.0004197490338564861
gold_plus_certified,seed_46.transformer,2566,303,1,1,0.11727326363325119,0,0.0,0.11727326363325119,0.013753018363194036
gold_plus_certified,seed_46.transformer,2566,303,0,2,,0,,0.0,0.0
gold_plus_certified,seed_46.transformer,2566,303,0,3,,0,,0.0,0.0
gold_plus_certified,seed_46.transformer,2566,303,1,4,0.47008785605430603,0,0.0,0.47008785605430603,0.22098259240973395
gold_plus_certified,seed_46.transformer,2566,303,0,5,,0,,0.0,0.0
gold_plus_certified,seed_46.transformer,2566,303,0,6,,0,,0.0,0.0
gold_plus_certified,seed_46.transformer,2566,303,0,7,,0,,0.0,0.0
gold_plus_certified,seed_46.transformer,2566,303,0,8,,0,,0.0,0.0
gold_plus_certified,seed_46.transformer,2566,303,2547,9,0.9999855291763848,69,0.027090694935217905,2546.963142812252,2477.9283587819546
gold_plus_certified,tabular.formatting,2566,303,0,0,,0,,0.0,0.0
gold_plus_certified,tabular.formatting,2566,303,0,1,,0,,0.0,0.0
gold_plus_certified,tabular.formatting,2566,303,2541,2,0.28818701309880335,69,0.02715466351829988,732.2832002840593,240.26470042466096
gold_plus_certified,tabular.formatting,2566,303,0,3,,0,,0.0,0.0
gold_plus_certified,tabular.formatting,2566,303,0,4,,0,,0.0,0.0
gold_plus_certified,tabular.formatting,2566,303,0,5,,0,,0.0,0.0
gold_plus_certified,tabular.formatting,2566,303,0,6,,0,,0.0,0.0
gold_plus_certified,tabular.formatting,2566,303,0,7,,0,,0.0,0.0
gold_plus_certified,tabular.formatting,2566,303,0,8,,0,,0.0,0.0
gold_plus_certified,tabular.formatting,2566,303,25,9,0.999925571711023,0,0.0,24.998139292775576,24.99627872404041
gold_plus_certified,tabular.permutation_42,2566,303,0,0,,0,,0.0,0.0
gold_plus_certified,tabular.permutation_42,2566,303,0,1,,0,,0.0,0.0
gold_plus_certified,tabular.permutation_42,2566,303,0,2,,0,,0.0,0.0
gold_plus_certified,tabular.permutation_42,2566,303,0,3,,0,,0.0,0.0
gold_plus_certified,tabular.permutation_42,2566,303,683,4,0.4987599822241122,35,0.05124450951683748,340.65306785906864,170.05354264403275
gold_plus_certified,tabular.permutation_42,2566,303,1883,5,0.5025782814478185,34,0.018056293149229952,946.3549039662422,475.4303586089634
gold_plus_certified,tabular.permutation_42,2566,303,0,6,,0,,0.0,0.0
gold_plus_certified,tabular.permutation_42,2566,303,0,7,,0,,0.0,0.0
gold_plus_certified,tabular.permutation_42,2566,303,0,8,,0,,0.0,0.0
gold_plus_certified,tabular.permutation_42,2566,303,0,9,,0,,0.0,0.0
gold_plus_certified,tabular.permutation_43,2566,303,0,0,,0,,0.0,0.0
gold_plus_certified,tabular.permutation_43,2566,303,0,1,,0,,0.0,0.0
gold_plus_certified,tabular.permutation_43,2566,303,0,2,,0,,0.0,0.0
gold_plus_certified,tabular.permutation_43,2566,303,2,3,0.3125859606464796,0,0.0,0.6251719212929592,0.19541996970269515
gold_plus_certified,tabular.permutation_43,2566,303,1193,4,0.49739996005465553,10,0.008382229673093043,593.398152345204,295.2080632834111
gold_plus_certified,tabular.permutation_43,2566,303,1371,5,0.5023723805860988,59,0.043034281546316555,688.7525337835414,345.3845714546661
gold_plus_certified,tabular.permutation_43,2566,303,0,6,,0,,0.0,0.0
gold_plus_certified,tabular.permutation_43,2566,303,0,7,,0,,0.0,0.0
gold_plus_certified,tabular.permutation_43,2566,303,0,8,,0,,0.0,0.0
gold_plus_certified,tabular.permutation_43,2566,303,0,9,,0,,0.0,0.0
gold_plus_certified,tabular.permutation_44,2566,303,0,0,,0,,0.0,0.0
gold_plus_certified,tabular.permutation_44,2566,303,0,1,,0,,0.0,0.0
gold_plus_certified,tabular.permutation_44,2566,303,0,2,,0,,0.0,0.0
gold_plus_certified,tabular.permutation_44,2566,303,2,3,0.31871474673573386,0,0.0,0.6374294934714677,0.20315818589017948
gold_plus_certified,tabular.permutation_44,2566,303,230,4,0.49796947399266,47,0.20434782608695654,114.5329790183118,57.27916516784417
gold_plus_certified,tabular.permutation_44,2566,303,2334,5,0.5031303559448386,22,0.009425878320479864,1174.3062507752531,590.7053939076468
gold_plus_certified,tabular.permutation_44,2566,303,0,6,,0,,0.0,0.0
gold_plus_certified,tabular.permutation_44,2566,303,0,7,,0,,0.0,0.0
gold_plus_certified,tabular.permutation_44,2566,303,0,8,,0,,0.0,0.0
gold_plus_certified,tabular.permutation_44,2566,303,0,9,,0,,0.0,0.0
gold_plus_certified,tabular.permutation_45,2566,303,0,0,,0,,0.0,0.0
gold_plus_certified,tabular.permutation_45,2566,303,0,1,,0,,0.0,0.0
gold_plus_certified,tabular.permutation_45,2566,303,0,2,,0,,0.0,0.0
gold_plus_certified,tabular.permutation_45,2566,303,0,3,,0,,0.0,0.0
gold_plus_certified,tabular.permutation_45,2566,303,2178,4,0.4957230154083685,21,0.009641873278236915,1079.6847275594266,535.366835961883
gold_plus_certified,tabular.permutation_45,2566,303,388,5,0.5038293352143185,48,0.12371134020618557,195.4857820631556,98.061512434383
gold_plus_certified,tabular.permutation_45,2566,303,0,6,,0,,0.0,0.0
gold_plus_certified,tabular.permutation_45,2566,303,0,7,,0,,0.0,0.0
gold_plus_certified,tabular.permutation_45,2566,303,0,8,,0,,0.0,0.0
gold_plus_certified,tabular.permutation_45,2566,303,0,9,,0,,0.0,0.0
gold_plus_certified,tabular.permutation_46,2566,303,0,0,,0,,0.0,0.0
gold_plus_certified,tabular.permutation_46,2566,303,0,1,,0,,0.0,0.0
gold_plus_certified,tabular.permutation_46,2566,303,0,2,,0,,0.0,0.0
gold_plus_certified,tabular.permutation_46,2566,303,0,3,,0,,0.0,0.0
gold_plus_certified,tabular.permutation_46,2566,303,923,4,0.4979839164787451,15,0.016251354279523293,459.63915490988177,228.98126767459124
gold_plus_certified,tabular.permutation_46,2566,303,1641,5,0.5025816091979102,54,0.03290676416819013,824.7364206937706,413.9133557265029
gold_plus_certified,tabular.permutation_46,2566,303,0,6,,0,,0.0,0.0
gold_plus_certified,tabular.permutation_46,2566,303,2,7,0.7786776670231415,0,0.0,1.557355334046283,1.2126779895736788
gold_plus_certified,tabular.permutation_46,2566,303,0,8,,0,,0.0,0.0
gold_plus_certified,tabular.permutation_46,2566,303,0,9,,0,,0.0,0.0
gold_plus_certified,tabular.random_forest,2566,303,178,0,0.011515660390805383,0,0.0,2.049787549563358,0.12247440443192328
gold_plus_certified,tabular.random_forest,2566,303,38,1,0.14452129234066027,0,0.0,5.49180910894509,0.8147929031439763
gold_plus_certified,tabular.random_forest,2566,303,2,2,0.245,0,0.0,0.49,0.1213
gold_plus_certified,tabular.random_forest,2566,303,5,3,0.32414371324006097,0,0.0,1.620718566200305,0.5282460273815733
gold_plus_certified,tabular.random_forest,2566,303,2,4,0.47,0,0.0,0.94,0.4426
gold_plus_certified,tabular.random_forest,2566,303,2,5,0.53,0,0.0,1.06,0.5636000000000001
gold_plus_certified,tabular.random_forest,2566,303,1,6,0.69,0,0.0,0.69,0.4760999999999999
gold_plus_certified,tabular.random_forest,2566,303,0,7,,0,,0.0,0.0
gold_plus_certified,tabular.random_forest,2566,303,0,8,,0,,0.0,0.0
gold_plus_certified,tabular.random_forest,2566,303,2338,9,0.9900419239855957,69,0.02951240376390077,2314.7180182783227,2223.7734594959416
gold_plus_certified,transformer,2566,303,18,0,0.00789732771873888,0,0.0,0.14215189893729985,0.0017570281837043155
gold_plus_certified,transformer,2566,303,0,1,,0,,0.0,0.0
gold_plus_certified,transformer,2566,303,0,2,,0,,0.0,0.0
gold_plus_certified,transformer,2566,303,1,3,0.39849597215652466,0,0.0,0.39849597215652466,0.15879903982497368
gold_plus_certified,transformer,2566,303,0,4,,0,,0.0,0.0
gold_plus_certified,transformer,2566,303,0,5,,0,,0.0,0.0
gold_plus_certified,transformer,2566,303,0,6,,0,,0.0,0.0
gold_plus_certified,transformer,2566,303,0,7,,0,,0.0,0.0
gold_plus_certified,transformer,2566,303,0,8,,0,,0.0,0.0
gold_plus_certified,transformer,2566,303,2547,9,0.9999893039500053,69,0.027090694935217905,2546.9727571606636,2477.946627535373
