admitted_requests,cell_ordinal,client_attempts_per_second,completed_requests,concurrency,failed_requests,manifest_sha256,measured_drain_ms,measured_elapsed_ms,p50_ms,p95_ms,p99_ms,prevalence_basis_points,request_count,request_error_rate,request_errors,run_index,successful_responses_per_second,successful_transformer_scores,transformer_forward_attempts,workload,measured_timeout_drain_ms,primary_evidence
10000,1,766.0910139813676,10000,1,0,12d6b7062c0320d8d72f8c12a2b93e6cd345905c4696b5c8e3b61ac1b5aede93,28.237375,13053.279333,1.269834,1.4878413499999998,1.67616976,100,10000,0.0,0,1,766.0910139813676,0,0,fixed_cascade,,
10000,2,768.8171284060111,10000,1,0,12d6b7062c0320d8d72f8c12a2b93e6cd345905c4696b5c8e3b61ac1b5aede93,28.08375,13006.994291,1.265833,1.4845544499999999,1.6694642600000003,100,10000,0.0,0,2,768.8171284060111,0,0,fixed_cascade,,
10000,3,758.5906191858078,10000,1,0,12d6b7062c0320d8d72f8c12a2b93e6cd345905c4696b5c8e3b61ac1b5aede93,31.583625,13182.340708,1.281792,1.5131354499999998,1.7341664300000001,100,10000,0.0,0,3,758.5906191858078,0,0,fixed_cascade,,
10000,4,771.8159494171683,10000,1,0,12d6b7062c0320d8d72f8c12a2b93e6cd345905c4696b5c8e3b61ac1b5aede93,28.711292,12956.456792,1.266583,1.4597044999999995,1.6295300000000006,100,10000,0.0,0,4,771.8159494171683,0,0,fixed_cascade,,
10000,5,758.4529462733115,10000,1,0,12d6b7062c0320d8d72f8c12a2b93e6cd345905c4696b5c8e3b61ac1b5aede93,27.532833,13184.733541,1.282458,1.5035913499999998,1.7615204200000005,100,10000,0.0,0,5,758.4529462733115,0,0,fixed_cascade,,
10000,6,1263.8194043665983,10000,8,0,12d6b7062c0320d8d72f8c12a2b93e6cd345905c4696b5c8e3b61ac1b5aede93,29.019166,7912.522917,5.749521,9.884345849999999,12.96824866,100,10000,0.0,0,1,1263.8194043665983,0,0,fixed_cascade,,
10000,7,1252.1065780703366,10000,8,0,12d6b7062c0320d8d72f8c12a2b93e6cd345905c4696b5c8e3b61ac1b5aede93,28.992416,7986.540583,5.763021,10.11158365,13.498994490000007,100,10000,0.0,0,2,1252.1065780703366,0,0,fixed_cascade,,
10000,8,1243.9343494052646,10000,8,0,12d6b7062c0320d8d72f8c12a2b93e6cd345905c4696b5c8e3b61ac1b5aede93,28.197709,8039.009458,5.7879585,10.135297899999998,13.86944759000001,100,10000,0.0,0,3,1243.9343494052646,0,0,fixed_cascade,,
10000,9,1272.0990032674977,10000,8,0,12d6b7062c0320d8d72f8c12a2b93e6cd345905c4696b5c8e3b61ac1b5aede93,27.902583,7861.023375,5.67975,9.9255545,13.278812590000008,100,10000,0.0,0,4,1272.0990032674977,0,0,fixed_cascade,,
10000,10,1247.2906248586232,10000,8,0,12d6b7062c0320d8d72f8c12a2b93e6cd345905c4696b5c8e3b61ac1b5aede93,28.603,8017.377667,5.7903125,10.048674349999995,13.54869408,100,10000,0.0,0,5,1247.2906248586232,0,0,fixed_cascade,,
10000,11,725.0359912397525,10000,16,0,12d6b7062c0320d8d72f8c12a2b93e6cd345905c4696b5c8e3b61ac1b5aede93,28.473625,13792.41875,18.981896,45.568893749999994,71.45409634000008,100,10000,0.0,0,1,725.0359912397525,0,0,fixed_cascade,,
10000,12,745.4299645626322,10000,16,0,12d6b7062c0320d8d72f8c12a2b93e6cd345905c4696b5c8e3b61ac1b5aede93,28.777,13415.0765,18.5448125,44.745314549999975,60.34958084000012,100,10000,0.0,0,2,745.4299645626322,0,0,fixed_cascade,,
10000,13,733.2458748205759,10000,16,0,12d6b7062c0320d8d72f8c12a2b93e6cd345905c4696b5c8e3b61ac1b5aede93,28.165042,13637.990125,18.892208500000002,45.499407699999985,65.03387833000002,100,10000,0.0,0,3,733.2458748205759,0,0,fixed_cascade,,
10000,14,746.739281290971,10000,16,0,12d6b7062c0320d8d72f8c12a2b93e6cd345905c4696b5c8e3b61ac1b5aede93,28.506042,13391.554791,18.063916499999998,45.99481009999997,64.81530601000001,100,10000,0.0,0,4,746.739281290971,0,0,fixed_cascade,,
10000,15,747.0638406673446,10000,16,0,12d6b7062c0320d8d72f8c12a2b93e6cd345905c4696b5c8e3b61ac1b5aede93,28.039584,13385.736875,17.984,46.62174554999999,63.59409658000014,100,10000,0.0,0,5,747.0638406673446,0,0,fixed_cascade,,
10000,16,595.2705427975933,10000,32,0,12d6b7062c0320d8d72f8c12a2b93e6cd345905c4696b5c8e3b61ac1b5aede93,28.137709,16799.08425,42.134458499999994,128.66381694999995,193.34570500000004,100,10000,0.0,0,1,595.2705427975933,0,0,fixed_cascade,,
10000,17,582.1108389357323,10000,32,0,12d6b7062c0320d8d72f8c12a2b93e6cd345905c4696b5c8e3b61ac1b5aede93,30.495083,17178.858958,43.5383755,129.45650799999996,192.0865195,100,10000,0.0,0,2,582.1108389357323,0,0,fixed_cascade,,
10000,18,587.2411093242401,10000,32,0,12d6b7062c0320d8d72f8c12a2b93e6cd345905c4696b5c8e3b61ac1b5aede93,28.924166,17028.780583,42.940563,129.70834374999998,197.11965851000002,100,10000,0.0,0,3,587.2411093242401,0,0,fixed_cascade,,
10000,19,576.5405090333809,10000,32,0,12d6b7062c0320d8d72f8c12a2b93e6cd345905c4696b5c8e3b61ac1b5aede93,28.457666,17344.835,43.7480625,131.0439847999999,196.79051858000008,100,10000,0.0,0,4,576.5405090333809,0,0,fixed_cascade,,
10000,20,579.437684661836,10000,32,0,12d6b7062c0320d8d72f8c12a2b93e6cd345905c4696b5c8e3b61ac1b5aede93,27.99275,17258.111208,43.1000415,131.9029798,200.99087292000002,100,10000,0.0,0,5,579.437684661836,0,0,fixed_cascade,,
10000,21,474.60178155345676,10000,64,0,12d6b7062c0320d8d72f8c12a2b93e6cd345905c4696b5c8e3b61ac1b5aede93,30.145792,21070.295959,98.874083,358.07236699999953,580.5761465800001,100,10000,0.0,0,1,474.60178155345676,0,0,fixed_cascade,,
10000,22,490.69802563708583,10000,64,0,12d6b7062c0320d8d72f8c12a2b93e6cd345905c4696b5c8e3b61ac1b5aede93,29.5495,20379.132333,98.468875,329.95280415,513.0852601700002,100,10000,0.0,0,2,490.69802563708583,0,0,fixed_cascade,,
10000,23,502.6860221284052,10000,64,0,12d6b7062c0320d8d72f8c12a2b93e6cd345905c4696b5c8e3b61ac1b5aede93,28.244916,19893.133208,96.3527285,323.17352289999974,498.8727562500003,100,10000,0.0,0,3,502.6860221284052,0,0,fixed_cascade,,
10000,24,398.9132625390942,10000,64,0,12d6b7062c0320d8d72f8c12a2b93e6cd345905c4696b5c8e3b61ac1b5aede93,27.712584,25068.106125,119.0232705,430.1733996999999,678.2275992500004,100,10000,0.0,0,4,398.9132625390942,0,0,fixed_cascade,,
10000,25,445.4571508491889,10000,64,0,12d6b7062c0320d8d72f8c12a2b93e6cd345905c4696b5c8e3b61ac1b5aede93,28.576958,22448.848292,106.34689549999999,379.7587044999999,601.9428100800002,100,10000,0.0,0,5,445.4571508491889,0,0,fixed_cascade,,
9927,26,308.0312660841712,9927,128,0,12d6b7062c0320d8d72f8c12a2b93e6cd345905c4696b5c8e3b61ac1b5aede93,29.5665,32464.236917,292.19912550000004,1190.4692547999998,1880.776856580005,100,10000,0.0086,86,1,305.3821971958473,0,0,fixed_cascade,,
9988,27,395.4353643783272,9988,128,0,12d6b7062c0320d8d72f8c12a2b93e6cd345905c4696b5c8e3b61ac1b5aede93,29.217,25288.582916,234.782646,873.7878576999998,1394.4465615800004,100,10000,0.0012,12,2,394.9608419410732,0,0,fixed_cascade,,
9999,28,453.33931782214734,9999,128,0,12d6b7062c0320d8d72f8c12a2b93e6cd345905c4696b5c8e3b61ac1b5aede93,29.620583,22058.532333,209.7972085,741.6321919999997,1131.1114362500002,100,10000,0.0001,1,3,453.29398389036515,0,0,fixed_cascade,,
9986,29,392.05069707677967,9986,128,0,12d6b7062c0320d8d72f8c12a2b93e6cd345905c4696b5c8e3b61ac1b5aede93,29.159167,25506.905292,239.138917,863.8208145999996,1363.9104687500007,100,10000,0.0014,14,4,391.50182610087217,0,0,fixed_cascade,,
9994,30,422.53015653934295,9994,128,0,12d6b7062c0320d8d72f8c12a2b93e6cd345905c4696b5c8e3b61ac1b5aede93,28.4975,23666.949791,222.662521,809.213409,1205.0006298300004,100,10000,0.0007,7,5,422.23438542976544,0,0,fixed_cascade,,
10000,31,772.6840303927327,10000,1,0,99fe0e85b038b00ff6fb89bdb11a09cf45ae80d630f17e32a63318afb9c205c6,28.288167,12941.900708,1.2604375,1.48050625,1.6679372600000004,10,10000,0.0,0,1,772.6840303927327,0,0,fixed_cascade,,
10000,32,763.3321566886193,10000,1,0,99fe0e85b038b00ff6fb89bdb11a09cf45ae80d630f17e32a63318afb9c205c6,29.034125,13100.456875,1.2729585,1.5109430999999995,1.6792271700000005,10,10000,0.0,0,2,763.3321566886193,0,0,fixed_cascade,,
10000,33,774.3369406013295,10000,1,0,99fe0e85b038b00ff6fb89bdb11a09cf45ae80d630f17e32a63318afb9c205c6,28.853917,12914.27475,1.260833,1.46987915,1.6266826800000003,10,10000,0.0,0,3,774.3369406013295,0,0,fixed_cascade,,
10000,34,773.9084654732056,10000,1,0,99fe0e85b038b00ff6fb89bdb11a09cf45ae80d630f17e32a63318afb9c205c6,28.557333,12921.42475,1.25975,1.4711940999999995,1.6280530900000003,10,10000,0.0,0,4,773.9084654732056,0,0,fixed_cascade,,
10000,35,771.7465244014996,10000,1,0,99fe0e85b038b00ff6fb89bdb11a09cf45ae80d630f17e32a63318afb9c205c6,27.875708,12957.622333,1.2669584999999999,1.46646935,1.603339760000001,10,10000,0.0,0,5,771.7465244014996,0,0,fixed_cascade,,
10000,36,1247.8635537114053,10000,8,0,99fe0e85b038b00ff6fb89bdb11a09cf45ae80d630f17e32a63318afb9c205c6,29.591,8013.696666,5.795563,10.053179149999998,13.479182090000007,10,10000,0.0,0,1,1247.8635537114053,0,0,fixed_cascade,,
10000,37,1257.7463089014034,10000,8,0,99fe0e85b038b00ff6fb89bdb11a09cf45ae80d630f17e32a63318afb9c205c6,28.355167,7950.728958,5.751875,10.027455949999998,13.7974745,10,10000,0.0,0,2,1257.7463089014034,0,0,fixed_cascade,,
10000,38,1259.7841133160691,10000,8,0,99fe0e85b038b00ff6fb89bdb11a09cf45ae80d630f17e32a63318afb9c205c6,28.748416,7937.868,5.771063,9.902781549999997,13.431268340000003,10,10000,0.0,0,3,1259.7841133160691,0,0,fixed_cascade,,
10000,39,1260.6663535131943,10000,8,0,99fe0e85b038b00ff6fb89bdb11a09cf45ae80d630f17e32a63318afb9c205c6,29.111959,7932.312917,5.747771,9.952403849999998,13.600607500000002,10,10000,0.0,0,4,1260.6663535131943,0,0,fixed_cascade,,
10000,40,1244.7846183661597,10000,8,0,99fe0e85b038b00ff6fb89bdb11a09cf45ae80d630f17e32a63318afb9c205c6,28.463625,8033.518291,5.783063,10.208499999999994,13.715593510000003,10,10000,0.0,0,5,1244.7846183661597,0,0,fixed_cascade,,
10000,41,729.6137039319211,10000,16,0,99fe0e85b038b00ff6fb89bdb11a09cf45ae80d630f17e32a63318afb9c205c6,28.72375,13705.882916,18.456062,44.0727,71.37362658,10,10000,0.0,0,1,729.6137039319211,0,0,fixed_cascade,,
10000,42,731.2750777826075,10000,16,0,99fe0e85b038b00ff6fb89bdb11a09cf45ae80d630f17e32a63318afb9c205c6,28.395917,13674.744708,18.604104,45.68334794999997,61.94109768,10,10000,0.0,0,2,731.2750777826075,0,0,fixed_cascade,,
10000,43,750.1761671138353,10000,16,0,99fe0e85b038b00ff6fb89bdb11a09cf45ae80d630f17e32a63318afb9c205c6,28.9845,13330.202209,18.0730625,44.76830684999997,62.00887191000001,10,10000,0.0,0,3,750.1761671138353,0,0,fixed_cascade,,
10000,44,699.5164426455058,10000,16,0,99fe0e85b038b00ff6fb89bdb11a09cf45ae80d630f17e32a63318afb9c205c6,28.9375,14295.589625,19.7352295,46.24618749999999,64.73283542000003,10,10000,0.0,0,4,699.5164426455058,0,0,fixed_cascade,,
10000,45,731.631240807625,10000,16,0,99fe0e85b038b00ff6fb89bdb11a09cf45ae80d630f17e32a63318afb9c205c6,28.896125,13668.08775,18.4423955,45.32233749999999,70.08115717000011,10,10000,0.0,0,5,731.631240807625,0,0,fixed_cascade,,
10000,46,528.1528103562854,10000,32,0,99fe0e85b038b00ff6fb89bdb11a09cf45ae80d630f17e32a63318afb9c205c6,30.52125,18933.914208,47.444666999999995,143.66894729999999,222.41335209000022,10,10000,0.0,0,1,528.1528103562854,0,0,fixed_cascade,,
10000,47,529.6474204397947,10000,32,0,99fe0e85b038b00ff6fb89bdb11a09cf45ae80d630f17e32a63318afb9c205c6,28.649,18880.484666,47.635895500000004,143.73086875,219.34219158000008,10,10000,0.0,0,2,529.6474204397947,0,0,fixed_cascade,,
10000,48,538.3015431849493,10000,32,0,99fe0e85b038b00ff6fb89bdb11a09cf45ae80d630f17e32a63318afb9c205c6,28.546459,18576.948416,46.5332085,140.63286874999994,211.20856917000003,10,10000,0.0,0,3,538.3015431849493,0,0,fixed_cascade,,
10000,49,569.0541590991372,10000,32,0,99fe0e85b038b00ff6fb89bdb11a09cf45ae80d630f17e32a63318afb9c205c6,31.158209,17573.019791,44.6118335,134.6485973,197.40226634,10,10000,0.0,0,4,569.0541590991372,0,0,fixed_cascade,,
10000,50,582.7642787978743,10000,32,0,99fe0e85b038b00ff6fb89bdb11a09cf45ae80d630f17e32a63318afb9c205c6,29.364834,17159.596708,42.964958499999995,131.8511148999999,205.7651017500002,10,10000,0.0,0,5,582.7642787978743,0,0,fixed_cascade,,
10000,51,530.8407869239414,10000,64,0,99fe0e85b038b00ff6fb89bdb11a09cf45ae80d630f17e32a63318afb9c205c6,28.65575,18838.040042,92.540958,307.77881729999996,466.75786691000013,10,10000,0.0,0,1,530.8407869239414,0,0,fixed_cascade,,
10000,52,435.9818462745011,10000,64,0,99fe0e85b038b00ff6fb89bdb11a09cf45ae80d630f17e32a63318afb9c205c6,30.322334,22936.734833,109.0615,379.20374584999996,605.7356950000002,10,10000,0.0,0,2,435.9818462745011,0,0,fixed_cascade,,
10000,53,468.14345615587666,10000,64,0,99fe0e85b038b00ff6fb89bdb11a09cf45ae80d630f17e32a63318afb9c205c6,29.435666,21360.973583,105.2631875,345.6185434499999,511.54378934000005,10,10000,0.0,0,3,468.14345615587666,0,0,fixed_cascade,,
10000,54,471.8517228443752,10000,64,0,99fe0e85b038b00ff6fb89bdb11a09cf45ae80d630f17e32a63318afb9c205c6,30.189333,21193.098416,103.6396665,342.5831020499996,515.3214670800002,10,10000,0.0,0,4,471.8517228443752,0,0,fixed_cascade,,
10000,55,486.2042698750703,10000,64,0,99fe0e85b038b00ff6fb89bdb11a09cf45ae80d630f17e32a63318afb9c205c6,28.802875,20567.487,100.998771,327.62318124999996,504.0973018400001,10,10000,0.0,0,5,486.2042698750703,0,0,fixed_cascade,,
9994,56,430.49490285963236,9994,128,0,99fe0e85b038b00ff6fb89bdb11a09cf45ae80d630f17e32a63318afb9c205c6,30.978291,23229.07875,221.410146,776.3138517499998,1192.1080253300001,10,10000,0.0007,7,1,430.1935564276306,0,0,fixed_cascade,,
9998,57,455.73469855008545,9998,128,0,99fe0e85b038b00ff6fb89bdb11a09cf45ae80d630f17e32a63318afb9c205c6,28.4205,21942.590792,209.278729,743.2812499999999,1115.2896474100003,10,10000,0.0003,3,2,455.5979781405204,0,0,fixed_cascade,,
9992,58,423.3361087777795,9992,128,0,99fe0e85b038b00ff6fb89bdb11a09cf45ae80d630f17e32a63318afb9c205c6,30.465542,23621.892375,220.8509375,802.2191139499993,1277.3648295000005,10,10000,0.0011,11,3,422.87043905812396,0,0,fixed_cascade,,
9988,59,400.75218178880397,9988,128,0,99fe0e85b038b00ff6fb89bdb11a09cf45ae80d630f17e32a63318afb9c205c6,30.436166,24953.076875,234.018563,857.8300628000001,1300.1711918400013,10,10000,0.0012,12,4,400.2712791706574,0,0,fixed_cascade,,
9997,60,424.2168861776244,9997,128,0,99fe0e85b038b00ff6fb89bdb11a09cf45ae80d630f17e32a63318afb9c205c6,29.656292,23572.847583,227.1348955,795.5801284999995,1175.7431336600018,10,10000,0.0003,3,5,424.0896211117712,0,0,fixed_cascade,,
10000,61,765.3752502824904,10000,1,0,8aecb95b46dca6680154bb07b11744e52a0d1d36490c6071e04d562ae93791c3,26.975667,13065.4865,1.272875,1.4848107499999996,1.65979533,500,10000,0.0,0,1,765.3752502824904,0,0,fixed_cascade,,
10000,62,768.1260292225322,10000,1,0,8aecb95b46dca6680154bb07b11744e52a0d1d36490c6071e04d562ae93791c3,27.838917,13018.696958,1.267292,1.48091905,1.6440079200000002,500,10000,0.0,0,2,768.1260292225322,0,0,fixed_cascade,,
10000,63,771.4492595134082,10000,1,0,8aecb95b46dca6680154bb07b11744e52a0d1d36490c6071e04d562ae93791c3,28.052625,12962.615333,1.263291,1.4728034999999997,1.64133842,500,10000,0.0,0,3,771.4492595134082,0,0,fixed_cascade,,
10000,64,762.4438581603424,10000,1,0,8aecb95b46dca6680154bb07b11744e52a0d1d36490c6071e04d562ae93791c3,28.57775,13115.719791,1.2773335000000001,1.49092325,1.65983634,500,10000,0.0,0,4,762.4438581603424,0,0,fixed_cascade,,
10000,65,761.2413244017246,10000,1,0,8aecb95b46dca6680154bb07b11744e52a0d1d36490c6071e04d562ae93791c3,28.412,13136.438708,1.276208,1.50171635,1.6807637500000003,500,10000,0.0,0,5,761.2413244017246,0,0,fixed_cascade,,
10000,66,1172.4388812740613,10000,8,0,8aecb95b46dca6680154bb07b11744e52a0d1d36490c6071e04d562ae93791c3,28.545625,8529.22925,6.1512705,10.739068099999997,14.665576170000003,500,10000,0.0,0,1,1172.4388812740613,0,0,fixed_cascade,,
10000,67,1228.3713867784402,10000,8,0,8aecb95b46dca6680154bb07b11744e52a0d1d36490c6071e04d562ae93791c3,29.052875,8140.860417,5.911625,10.1609524,13.328479160000024,500,10000,0.0,0,2,1228.3713867784402,0,0,fixed_cascade,,
10000,68,1220.2169571691659,10000,8,0,8aecb95b46dca6680154bb07b11744e52a0d1d36490c6071e04d562ae93791c3,28.664666,8195.263917,5.897520500000001,10.318213949999999,14.081323160000014,500,10000,0.0,0,3,1220.2169571691659,0,0,fixed_cascade,,
10000,69,1234.0415546313195,10000,8,0,8aecb95b46dca6680154bb07b11744e52a0d1d36490c6071e04d562ae93791c3,27.884208,8103.454833,5.879583500000001,10.202483999999998,13.58443450000001,500,10000,0.0,0,4,1234.0415546313195,0,0,fixed_cascade,,
10000,70,1236.350675560134,10000,8,0,8aecb95b46dca6680154bb07b11744e52a0d1d36490c6071e04d562ae93791c3,28.60575,8088.320084,5.8138749999999995,10.212560749999998,13.87426342,500,10000,0.0,0,5,1236.350675560134,0,0,fixed_cascade,,
10000,71,727.6306686431055,10000,16,0,8aecb95b46dca6680154bb07b11744e52a0d1d36490c6071e04d562ae93791c3,28.39775,13743.236,18.320812500000002,45.084044049999996,71.91383241000003,500,10000,0.0,0,1,727.6306686431055,0,0,fixed_cascade,,
10000,72,752.4401233277594,10000,16,0,8aecb95b46dca6680154bb07b11744e52a0d1d36490c6071e04d562ae93791c3,29.27675,13290.094042,18.1145,44.1524149,64.85846458000002,500,10000,0.0,0,2,752.4401233277594,0,0,fixed_cascade,,
10000,73,751.2178743803845,10000,16,0,8aecb95b46dca6680154bb07b11744e52a0d1d36490c6071e04d562ae93791c3,28.150209,13311.717334,17.9296875,44.68388299999996,63.14735100000001,500,10000,0.0,0,3,751.2178743803845,0,0,fixed_cascade,,
10000,74,736.9856736642231,10000,16,0,8aecb95b46dca6680154bb07b11744e52a0d1d36490c6071e04d562ae93791c3,28.250416,13568.784791,18.034750000000003,45.95314584999999,73.30513009000002,500,10000,0.0,0,4,736.9856736642231,0,0,fixed_cascade,,
10000,75,746.4566960656665,10000,16,0,8aecb95b46dca6680154bb07b11744e52a0d1d36490c6071e04d562ae93791c3,28.66075,13396.624416,18.3010625,45.23311459999999,65.05433333,500,10000,0.0,0,5,746.4566960656665,0,0,fixed_cascade,,
10000,76,528.1712562644777,10000,32,0,8aecb95b46dca6680154bb07b11744e52a0d1d36490c6071e04d562ae93791c3,27.818125,18933.252958,47.583603999999994,144.72703894999987,217.3074300000001,500,10000,0.0,0,1,528.1712562644777,0,0,fixed_cascade,,
10000,77,555.9284561493605,10000,32,0,8aecb95b46dca6680154bb07b11744e52a0d1d36490c6071e04d562ae93791c3,28.437875,17987.926125,45.346396,136.64072439999995,206.77094075000016,500,10000,0.0,0,2,555.9284561493605,0,0,fixed_cascade,,
10000,78,590.1140610814673,10000,32,0,8aecb95b46dca6680154bb07b11744e52a0d1d36490c6071e04d562ae93791c3,27.164875,16945.8765,43.04697899999999,128.03657949999996,189.38077125000007,500,10000,0.0,0,3,590.1140610814673,0,0,fixed_cascade,,
10000,79,514.8408804458646,10000,32,0,8aecb95b46dca6680154bb07b11744e52a0d1d36490c6071e04d562ae93791c3,27.09575,19423.477,48.5280205,150.14192709999998,222.38041351,500,10000,0.0,0,4,514.8408804458646,0,0,fixed_cascade,,
10000,80,586.7290054500378,10000,32,0,8aecb95b46dca6680154bb07b11744e52a0d1d36490c6071e04d562ae93791c3,29.079583,17043.6435,42.865041500000004,129.65687914999998,198.79409384000004,500,10000,0.0,0,5,586.7290054500378,0,0,fixed_cascade,,
10000,81,462.87990263603416,10000,64,0,8aecb95b46dca6680154bb07b11744e52a0d1d36490c6071e04d562ae93791c3,28.700042,21603.875958,106.60789650000001,348.24430144999997,524.9210816700001,500,10000,0.0,0,1,462.87990263603416,0,0,fixed_cascade,,
10000,82,466.32509491918836,10000,64,0,8aecb95b46dca6680154bb07b11744e52a0d1d36490c6071e04d562ae93791c3,30.496709,21444.267334,105.143292,345.94622534999996,537.6431685700003,500,10000,0.0,0,2,466.32509491918836,0,0,fixed_cascade,,
10000,83,501.0284673978835,10000,64,0,8aecb95b46dca6680154bb07b11744e52a0d1d36490c6071e04d562ae93791c3,28.99025,19958.94575,97.8369795,317.99452295,476.3138234200001,500,10000,0.0,0,3,501.0284673978835,0,0,fixed_cascade,,
10000,84,507.15297643611063,10000,64,0,8aecb95b46dca6680154bb07b11744e52a0d1d36490c6071e04d562ae93791c3,28.649458,19717.916417,96.65956249999999,321.92452709999986,479.81457217000013,500,10000,0.0,0,4,507.15297643611063,0,0,fixed_cascade,,
10000,85,455.1827344984373,10000,64,0,8aecb95b46dca6680154bb07b11744e52a0d1d36490c6071e04d562ae93791c3,28.340417,21969.198834,104.92099999999999,365.0479725999999,573.3808232400007,500,10000,0.0,0,5,455.1827344984373,0,0,fixed_cascade,,
9963,86,394.32137200690795,9963,128,0,8aecb95b46dca6680154bb07b11744e52a0d1d36490c6071e04d562ae93791c3,30.261083,25360.025375,229.3159585,900.6157603999999,1557.28801384,500,10000,0.0042,42,1,392.6652222444789,0,0,fixed_cascade,,
9994,87,401.0980594120337,9994,128,0,8aecb95b46dca6680154bb07b11744e52a0d1d36490c6071e04d562ae93791c3,27.91775,24931.559167,233.67506250000002,856.3038583499978,1277.403880830001,500,10000,0.0007,7,2,400.8172907704453,0,0,fixed_cascade,,
9997,88,404.0837063034361,9997,128,0,8aecb95b46dca6680154bb07b11744e52a0d1d36490c6071e04d562ae93791c3,27.862083,24747.34775,236.538917,841.2429940499997,1259.49662884,500,10000,0.0005,5,3,403.88166445028435,0,0,fixed_cascade,,
9999,89,421.91965353229216,9999,128,0,8aecb95b46dca6680154bb07b11744e52a0d1d36490c6071e04d562ae93791c3,31.244,23701.195041,226.604625,801.0666003,1266.851231990001,500,10000,0.0002,2,4,421.83526960158565,0,0,fixed_cascade,,
9997,90,446.43389026984227,9997,128,0,8aecb95b46dca6680154bb07b11744e52a0d1d36490c6071e04d562ae93791c3,28.817334,22399.733125,213.7908125,760.1948055999997,1139.6798363300009,500,10000,0.0003,3,5,446.2999601027613,0,0,fixed_cascade,,
10000,91,140.86912275186205,10000,1,0,12d6b7062c0320d8d72f8c12a2b93e6cd345905c4696b5c8e3b61ac1b5aede93,27.084458,70987.877291,7.152104,8.043770799999999,8.531609410000002,100,10000,0.0,0,1,140.86912275186205,10000,10000,transformer_only,,
10000,92,141.29156803002044,10000,1,0,12d6b7062c0320d8d72f8c12a2b93e6cd345905c4696b5c8e3b61ac1b5aede93,27.589792,70775.631833,7.113417,8.1358979,8.59925417,100,10000,0.0,0,2,141.29156803002044,10000,10000,transformer_only,,
10000,93,141.24938077602744,10000,1,0,12d6b7062c0320d8d72f8c12a2b93e6cd345905c4696b5c8e3b61ac1b5aede93,28.040875,70796.770542,7.1205,8.031365249999999,8.49754492,100,10000,0.0,0,3,141.24938077602744,10000,10000,transformer_only,,
10000,94,140.7936548780814,10000,1,0,12d6b7062c0320d8d72f8c12a2b93e6cd345905c4696b5c8e3b61ac1b5aede93,27.436542,71025.928041,7.143521,8.091214899999999,8.60921676,100,10000,0.0,0,4,140.7936548780814,10000,10000,transformer_only,,
10000,95,140.0787399159978,10000,1,0,12d6b7062c0320d8d72f8c12a2b93e6cd345905c4696b5c8e3b61ac1b5aede93,28.342666,71388.420584,7.178437499999999,8.11298305,8.64231601,100,10000,0.0,0,5,140.0787399159978,10000,10000,transformer_only,,
10000,96,163.12650887637704,10000,8,0,12d6b7062c0320d8d72f8c12a2b93e6cd345905c4696b5c8e3b61ac1b5aede93,28.55575,61302.114959,48.925521,52.432070499999995,54.11942325,100,10000,0.0,0,1,163.12650887637704,10000,10000,transformer_only,,
10000,97,162.59628919889698,10000,8,0,12d6b7062c0320d8d72f8c12a2b93e6cd345905c4696b5c8e3b61ac1b5aede93,27.2205,61502.018584,49.114999499999996,53.05915,55.24049967,100,10000,0.0,0,2,162.59628919889698,10000,10000,transformer_only,,
10000,98,162.3856106882273,10000,8,0,12d6b7062c0320d8d72f8c12a2b93e6cd345905c4696b5c8e3b61ac1b5aede93,27.893375,61581.811083,49.128750499999995,52.752687800000004,54.36694958000001,100,10000,0.0,0,3,162.3856106882273,10000,10000,transformer_only,,
10000,99,162.21140625878692,10000,8,0,12d6b7062c0320d8d72f8c12a2b93e6cd345905c4696b5c8e3b61ac1b5aede93,27.47225,61647.945916,49.087104,52.9679399,54.94642301000001,100,10000,0.0,0,4,162.21140625878692,10000,10000,transformer_only,,
10000,100,163.09498835603716,10000,8,0,12d6b7062c0320d8d72f8c12a2b93e6cd345905c4696b5c8e3b61ac1b5aede93,28.182084,61313.9625,48.893104,52.422245499999995,53.78366783,100,10000,0.0,0,5,163.09498835603716,10000,10000,transformer_only,,
10000,101,162.3534686312217,10000,16,0,12d6b7062c0320d8d72f8c12a2b93e6cd345905c4696b5c8e3b61ac1b5aede93,28.966458,61594.002791,98.23754199999999,105.08127295,107.45446991000001,100,10000,0.0,0,1,162.3534686312217,10000,10000,transformer_only,,
10000,102,162.55536491887958,10000,16,0,12d6b7062c0320d8d72f8c12a2b93e6cd345905c4696b5c8e3b61ac1b5aede93,28.597875,61517.502083,98.54641649999999,104.92017465,107.13199217,100,10000,0.0,0,2,162.55536491887958,10000,10000,transformer_only,,
10000,103,162.69835316340522,10000,16,0,12d6b7062c0320d8d72f8c12a2b93e6cd345905c4696b5c8e3b61ac1b5aede93,27.359708,61463.437125,98.26737499999999,104.15250594999999,106.41690458000001,100,10000,0.0,0,3,162.69835316340522,10000,10000,transformer_only,,
10000,104,162.5435381756103,10000,16,0,12d6b7062c0320d8d72f8c12a2b93e6cd345905c4696b5c8e3b61ac1b5aede93,28.898666,61521.978125,98.253208,105.26547145,107.94827833,100,10000,0.0,0,4,162.5435381756103,10000,10000,transformer_only,,
10000,105,162.9032462346238,10000,16,0,12d6b7062c0320d8d72f8c12a2b93e6cd345905c4696b5c8e3b61ac1b5aede93,30.153583,61386.130916,98.220854,104.7468604,107.27926258000001,100,10000,0.0,0,5,162.9032462346238,10000,10000,transformer_only,,
10000,106,163.29728217509248,10000,32,0,12d6b7062c0320d8d72f8c12a2b93e6cd345905c4696b5c8e3b61ac1b5aede93,28.055,61238.006333,196.31231250000002,207.27696105,210.36063116000003,100,10000,0.0,0,1,163.29728217509248,10000,10000,transformer_only,,
10000,107,162.1707754044366,10000,32,0,12d6b7062c0320d8d72f8c12a2b93e6cd345905c4696b5c8e3b61ac1b5aede93,29.124084,61663.391416,197.064146,208.20305,214.66572367,100,10000,0.0,0,2,162.1707754044366,10000,10000,transformer_only,,
10000,108,162.23266595935863,10000,32,0,12d6b7062c0320d8d72f8c12a2b93e6cd345905c4696b5c8e3b61ac1b5aede93,29.664291,61639.867291,196.9767705,208.71147739999998,216.83860908000003,100,10000,0.0,0,3,162.23266595935863,10000,10000,transformer_only,,
10000,109,141.74192490230863,10000,32,0,12d6b7062c0320d8d72f8c12a2b93e6cd345905c4696b5c8e3b61ac1b5aede93,30.852375,70550.756291,222.3554795,258.78318364999996,289.19251384,100,10000,0.0,0,4,141.74192490230863,10000,10000,transformer_only,,
10000,110,149.5301183303336,10000,32,0,12d6b7062c0320d8d72f8c12a2b93e6cd345905c4696b5c8e3b61ac1b5aede93,28.932333,66876.159209,207.9701045,253.04024375,283.8282663400001,100,10000,0.0,0,5,149.5301183303336,10000,10000,transformer_only,,
9988,111,146.80941286732062,9988,64,0,12d6b7062c0320d8d72f8c12a2b93e6cd345905c4696b5c8e3b61ac1b5aede93,32.682458,68115.523417,418.81514649999997,474.34874855,976.5387849100002,100,10000,0.0016,16,1,146.57451780673293,9988,9988,transformer_only,,
9987,112,155.23744787803764,9987,64,0,12d6b7062c0320d8d72f8c12a2b93e6cd345905c4696b5c8e3b61ac1b5aede93,31.433959,64417.446542,397.32858350000004,420.8710122,1036.2299472500008,100,10000,0.0013,13,2,155.0356391957962,9987,9987,transformer_only,,
9991,113,150.29818059975548,9991,64,0,12d6b7062c0320d8d72f8c12a2b93e6cd345905c4696b5c8e3b61ac1b5aede93,31.344583,66534.404875,411.8034795,432.58921875,1044.8071628300015,100,10000,0.0011,11,3,150.13285260109575,9991,9991,transformer_only,,
9990,114,151.26228232870545,9990,64,0,12d6b7062c0320d8d72f8c12a2b93e6cd345905c4696b5c8e3b61ac1b5aede93,30.7845,66110.333958,409.5706665,427.92442294999995,981.7505883400001,100,10000,0.0017,17,4,151.00513644874667,9990,9990,transformer_only,,
9984,115,141.00369635373588,9984,64,0,12d6b7062c0320d8d72f8c12a2b93e6cd345905c4696b5c8e3b61ac1b5aede93,31.32125,70920.126625,437.763229,501.25578299999995,1024.9513081600005,100,10000,0.0017,17,5,140.76399006993452,9984,9984,transformer_only,,
9810,116,136.11611601309104,9810,128,0,12d6b7062c0320d8d72f8c12a2b93e6cd345905c4696b5c8e3b61ac1b5aede93,37.912583,73466.686333,904.7129170000001,979.0092225999998,2246.980109580002,100,10000,0.0213,213,1,133.21684274201223,9810,9810,transformer_only,,
9684,117,150.2346594943782,9684,128,0,12d6b7062c0320d8d72f8c12a2b93e6cd345905c4696b5c8e3b61ac1b5aede93,36.843125,66562.536459,826.7247709999999,861.4609705,2245.4849655900007,100,10000,0.0334,334,2,145.216821867266,9684,9684,transformer_only,,
9820,118,147.04422929883242,9820,128,0,12d6b7062c0320d8d72f8c12a2b93e6cd345905c4696b5c8e3b61ac1b5aede93,36.661125,68006.749042,834.840375,875.6844722999999,2216.2404795800007,100,10000,0.0201,201,3,144.0886402899259,9820,9820,transformer_only,,
9362,119,146.719232516716,9362,128,0,12d6b7062c0320d8d72f8c12a2b93e6cd345905c4696b5c8e3b61ac1b5aede93,37.728958,68157.390333,862.289396,992.3131149,2218.0380046700006,100,10000,0.0661,661,4,137.02109124736108,9362,9362,transformer_only,,
9806,120,143.3742073424774,9806,128,0,12d6b7062c0320d8d72f8c12a2b93e6cd345905c4696b5c8e3b61ac1b5aede93,38.074834,69747.552125,858.9473545000001,889.71954615,2256.2441432400005,100,10000,0.0203,203,5,140.4637109334251,9806,9806,transformer_only,,
8701,121,98.36122138445495,8701,1,0,96e19ba2ebe0d4fb76a6cac7f65ce68ec100ecd7304bb874c8696a905f7f2e68,25.804292,88459.657958,10.412083,11.551,12.119166,,8701,0.0,0,1,98.36122138445495,8253,8253,shift_period,0.0,False
8701,122,100.76154281332067,8701,1,0,96e19ba2ebe0d4fb76a6cac7f65ce68ec100ecd7304bb874c8696a905f7f2e68,25.709625,86352.389583,10.030625,11.885667,13.436667,,8701,0.0,0,2,100.76154281332067,8253,8253,shift_period,0.0,False
8701,123,97.69617921388048,8701,1,0,96e19ba2ebe0d4fb76a6cac7f65ce68ec100ecd7304bb874c8696a905f7f2e68,24.669333,89061.824833,10.487667,11.614666,12.175542,,8701,0.0,0,3,97.69617921388048,8253,8253,shift_period,0.0,False
8701,124,100.1062288332467,8701,1,0,96e19ba2ebe0d4fb76a6cac7f65ce68ec100ecd7304bb874c8696a905f7f2e68,25.090958,86917.668375,10.233667,11.440541,12.003625,,8701,0.0,0,4,100.1062288332467,8253,8253,shift_period,0.0,False
8701,125,100.62410929980182,8701,1,0,96e19ba2ebe0d4fb76a6cac7f65ce68ec100ecd7304bb874c8696a905f7f2e68,23.550375,86470.330625,10.105791,11.494667,12.4455,,8701,0.0,0,5,100.62410929980182,8253,8253,shift_period,0.0,False
