population,detector,rows,domains,alerts,assumption,false_alerts,misses,prevalence,reference_requests,source_recall,source_fpr
internal,cascade,34593,29566,87.25643735979484,class_conditional_rates_transport_to_assumed_prevalence,77.38836532293877,0.13192796314393407,0.001,10000,0.9868072036856066,0.007746583115409286
internal,cascade,34593,29566,175.37189321111256,class_conditional_rates_transport_to_assumed_prevalence,76.69117284255194,1.3192796314393407,0.01,10000,0.9868072036856066,0.007746583115409286
internal,cascade,34593,29566,566.9961414391915,class_conditional_rates_transport_to_assumed_prevalence,73.59253959638822,6.596398157196703,0.05,10000,0.9868072036856066,0.007746583115409286
internal,length_only,34593,29566,62.118263827628915,class_conditional_rates_transport_to_assumed_prevalence,58.65742339764149,6.539159570012565,0.001,10000,0.34608404299874357,0.005871613953717866
internal,length_only,34593,29566,92.73738244168123,class_conditional_rates_transport_to_assumed_prevalence,58.128978141806876,65.39159570012565,0.01,10000,0.34608404299874357,0.005871613953717866
internal,length_only,34593,29566,228.82235405969152,class_conditional_rates_transport_to_assumed_prevalence,55.78033256031973,326.95797850062826,0.05,10000,0.34608404299874357,0.005871613953717866
internal,logistic_l1,34593,29566,87.25643735979484,class_conditional_rates_transport_to_assumed_prevalence,77.38836532293877,0.13192796314393407,0.001,10000,0.9868072036856066,0.007746583115409286
internal,logistic_l1,34593,29566,175.37189321111256,class_conditional_rates_transport_to_assumed_prevalence,76.69117284255194,1.3192796314393407,0.01,10000,0.9868072036856066,0.007746583115409286
internal,logistic_l1,34593,29566,566.9961414391915,class_conditional_rates_transport_to_assumed_prevalence,73.59253959638822,6.596398157196703,0.05,10000,0.9868072036856066,0.007746583115409286
internal,seed_42.cascade,34593,29566,87.25643735979484,class_conditional_rates_transport_to_assumed_prevalence,77.38836532293877,0.13192796314393407,0.001,10000,0.9868072036856066,0.007746583115409286
internal,seed_42.cascade,34593,29566,175.37189321111256,class_conditional_rates_transport_to_assumed_prevalence,76.69117284255194,1.3192796314393407,0.01,10000,0.9868072036856066,0.007746583115409286
internal,seed_42.cascade,34593,29566,566.9961414391915,class_conditional_rates_transport_to_assumed_prevalence,73.59253959638822,6.596398157196703,0.05,10000,0.9868072036856066,0.007746583115409286
internal,seed_42.transformer,34593,29566,110.98079343128579,class_conditional_rates_transport_to_assumed_prevalence,101.04850249173533,0.06770906044953229,0.001,10000,0.9932290939550468,0.01011496521438792
internal,seed_42.transformer,34593,29566,199.46106501794512,class_conditional_rates_transport_to_assumed_prevalence,100.13815562244041,0.6770906044953229,0.01,10000,0.9932290939550468,0.01011496521438792
internal,seed_42.transformer,34593,29566,592.7067165142087,class_conditional_rates_transport_to_assumed_prevalence,96.09216953668525,3.3854530224766144,0.05,10000,0.9932290939550468,0.01011496521438792
internal,seed_43.cascade,34593,29566,87.25643735979484,class_conditional_rates_transport_to_assumed_prevalence,77.38836532293877,0.13192796314393407,0.001,10000,0.9868072036856066,0.007746583115409286
internal,seed_43.cascade,34593,29566,175.37189321111256,class_conditional_rates_transport_to_assumed_prevalence,76.69117284255194,1.3192796314393407,0.01,10000,0.9868072036856066,0.007746583115409286
internal,seed_43.cascade,34593,29566,566.9961414391915,class_conditional_rates_transport_to_assumed_prevalence,73.59253959638822,6.596398157196703,0.05,10000,0.9868072036856066,0.007746583115409286
internal,seed_43.transformer,34593,29566,82.39076298743892,class_conditional_rates_transport_to_assumed_prevalence,72.45917007943949,0.06840709200055861,0.001,10000,0.9931592907999441,0.007253170178122071
internal,seed_43.transformer,34593,29566,171.1223138434029,class_conditional_rates_transport_to_assumed_prevalence,71.8063847634085,0.6840709200055861,0.01,10000,0.9931592907999441,0.007253170178122071
internal,seed_43.transformer,34593,29566,565.4847620921319,class_conditional_rates_transport_to_assumed_prevalence,68.90511669215967,3.4203546000279306,0.05,10000,0.9931592907999441,0.007253170178122071
internal,seed_44.cascade,34593,29566,87.25643735979484,class_conditional_rates_transport_to_assumed_prevalence,77.38836532293877,0.13192796314393407,0.001,10000,0.9868072036856066,0.007746583115409286
internal,seed_44.cascade,34593,29566,175.37189321111256,class_conditional_rates_transport_to_assumed_prevalence,76.69117284255194,1.3192796314393407,0.01,10000,0.9868072036856066,0.007746583115409286
internal,seed_44.cascade,34593,29566,566.9961414391915,class_conditional_rates_transport_to_assumed_prevalence,73.59253959638822,6.596398157196703,0.05,10000,0.9868072036856066,0.007746583115409286
internal,seed_44.transformer,34593,29566,97.67336233693979,class_conditional_rates_transport_to_assumed_prevalence,87.73967533428727,0.06631299734747964,0.001,10000,0.993368700265252,0.00878275028371244
internal,seed_44.transformer,34593,29566,186.28609783527838,class_conditional_rates_transport_to_assumed_prevalence,86.94922780875315,0.6631299734747964,0.01,10000,0.993368700265252,0.00878275028371244
internal,seed_44.transformer,34593,29566,580.1204778278942,class_conditional_rates_transport_to_assumed_prevalence,83.43612769526817,3.315649867373982,0.05,10000,0.993368700265252,0.00878275028371244
internal,seed_45.cascade,34593,29566,87.25643735979484,class_conditional_rates_transport_to_assumed_prevalence,77.38836532293877,0.13192796314393407,0.001,10000,0.9868072036856066,0.007746583115409286
internal,seed_45.cascade,34593,29566,175.37189321111256,class_conditional_rates_transport_to_assumed_prevalence,76.69117284255194,1.3192796314393407,0.01,10000,0.9868072036856066,0.007746583115409286
internal,seed_45.cascade,34593,29566,566.9961414391915,class_conditional_rates_transport_to_assumed_prevalence,73.59253959638822,6.596398157196703,0.05,10000,0.9868072036856066,0.007746583115409286
internal,seed_45.transformer,34593,29566,113.44608908458648,class_conditional_rates_transport_to_assumed_prevalence,103.51310011348497,0.06701102889850596,0.001,10000,0.9932988971101494,0.010361671683031528
internal,seed_45.transformer,34593,29566,201.91043937302706,class_conditional_rates_transport_to_assumed_prevalence,102.58054966201213,0.6701102889850596,0.01,10000,0.9932988971101494,0.010361671683031528
internal,seed_45.transformer,34593,29566,595.0853295438743,class_conditional_rates_transport_to_assumed_prevalence,98.43588098879952,3.350551444925298,0.05,10000,0.9932988971101494,0.010361671683031528
internal,seed_46.cascade,34593,29566,87.25643735979484,class_conditional_rates_transport_to_assumed_prevalence,77.38836532293877,0.13192796314393407,0.001,10000,0.9868072036856066,0.007746583115409286
internal,seed_46.cascade,34593,29566,175.37189321111256,class_conditional_rates_transport_to_assumed_prevalence,76.69117284255194,1.3192796314393407,0.01,10000,0.9868072036856066,0.007746583115409286
internal,seed_46.cascade,34593,29566,566.9961414391915,class_conditional_rates_transport_to_assumed_prevalence,73.59253959638822,6.596398157196703,0.05,10000,0.9868072036856066,0.007746583115409286
internal,seed_46.transformer,34593,29566,85.34688407043645,class_conditional_rates_transport_to_assumed_prevalence,75.41668722553905,0.06980315510261015,0.001,10000,0.993019684489739,0.0075492179404944
internal,seed_46.transformer,34593,29566,174.03922605986847,class_conditional_rates_transport_to_assumed_prevalence,74.73725761089456,0.6980315510261015,0.01,10000,0.993019684489739,0.0075492179404944
internal,seed_46.transformer,34593,29566,568.2274126795663,class_conditional_rates_transport_to_assumed_prevalence,71.7175704346968,3.4901577551305074,0.05,10000,0.993019684489739,0.0075492179404944
internal,tabular.formatting,34593,29566,6.042161105681977,class_conditional_rates_transport_to_assumed_prevalence,0.0,3.957838894318023,0.001,10000,0.6042161105681977,0.0
internal,tabular.formatting,34593,29566,60.42161105681977,class_conditional_rates_transport_to_assumed_prevalence,0.0,39.57838894318023,0.01,10000,0.6042161105681977,0.0
internal,tabular.formatting,34593,29566,302.10805528409884,class_conditional_rates_transport_to_assumed_prevalence,0.0,197.89194471590116,0.05,10000,0.6042161105681977,0.0
internal,tabular.permutation_42,34593,29566,86.30875319028179,class_conditional_rates_transport_to_assumed_prevalence,84.78215818818768,8.473404997905906,0.001,10000,0.15265950020940947,0.008486702521340109
internal,tabular.permutation_42,34593,29566,99.28430498220801,class_conditional_rates_transport_to_assumed_prevalence,84.01835496126708,84.73404997905905,0.01,10000,0.15265950020940947,0.008486702521340109
internal,tabular.permutation_42,34593,29566,156.9534240574358,class_conditional_rates_transport_to_assumed_prevalence,80.62367395273104,423.6702498952953,0.05,10000,0.15265950020940947,0.008486702521340109
internal,tabular.permutation_43,34593,29566,94.99937942801172,class_conditional_rates_transport_to_assumed_prevalence,91.68303152908669,6.683652101074968,0.001,10000,0.33163478989250317,0.009177480633542212
internal,tabular.permutation_43,34593,29566,124.02053726131822,class_conditional_rates_transport_to_assumed_prevalence,90.8570582720679,66.83652101074968,0.01,10000,0.33163478989250317,0.009177480633542212
internal,tabular.permutation_43,34593,29566,253.00346096490262,class_conditional_rates_transport_to_assumed_prevalence,87.18606601865102,334.18260505374843,0.05,10000,0.33163478989250317,0.009177480633542212
internal,tabular.permutation_44,34593,29566,94.27724452067619,class_conditional_rates_transport_to_assumed_prevalence,93.16179010213648,8.884545581460282,0.001,10000,0.1115454418539718,0.009325504514728376
internal,tabular.permutation_44,34593,29566,103.47703888120812,class_conditional_rates_transport_to_assumed_prevalence,92.32249469581093,88.84545581460281,0.01,10000,0.1115454418539718,0.009325504514728376
internal,tabular.permutation_44,34593,29566,144.36501381690547,class_conditional_rates_transport_to_assumed_prevalence,88.59229288991958,444.2272790730141,0.05,10000,0.1115454418539718,0.009325504514728376
internal,tabular.permutation_45,34593,29566,79.36761251807428,class_conditional_rates_transport_to_assumed_prevalence,78.86712389598856,9.499511377914281,0.001,10000,0.050048862208571826,0.00789460699659545
internal,tabular.permutation_45,34593,29566,83.16149548715214,class_conditional_rates_transport_to_assumed_prevalence,78.15660926629496,94.99511377914281,0.01,10000,0.050048862208571826,0.00789460699659545
internal,tabular.permutation_45,34593,29566,100.02319757194269,class_conditional_rates_transport_to_assumed_prevalence,74.99876646765678,474.97556889571405,0.05,10000,0.050048862208571826,0.00789460699659545
internal,tabular.permutation_46,34593,29566,98.50871178299647,class_conditional_rates_transport_to_assumed_prevalence,93.16179010213648,4.653078319140025,0.001,10000,0.5346921680859975,0.009325504514728376
internal,tabular.permutation_46,34593,29566,145.79171150441067,class_conditional_rates_transport_to_assumed_prevalence,92.32249469581093,46.530783191400246,0.01,10000,0.5346921680859975,0.009325504514728376
internal,tabular.permutation_46,34593,29566,355.93837693291835,class_conditional_rates_transport_to_assumed_prevalence,88.59229288991958,232.65391595700123,0.05,10000,0.5346921680859975,0.009325504514728376
internal,tabular.random_forest,34593,29566,79.91499686087286,class_conditional_rates_transport_to_assumed_prevalence,69.99457245768984,0.07957559681697646,0.001,10000,0.9920424403183024,0.007006463709478462
internal,tabular.random_forest,34593,29566,168.568234755667,class_conditional_rates_transport_to_assumed_prevalence,69.36399072383678,0.7957559681697646,0.01,10000,0.9920424403183024,0.007006463709478462
internal,tabular.random_forest,34593,29566,562.5826253991966,class_conditional_rates_transport_to_assumed_prevalence,66.56140524004539,3.978779840848823,0.05,10000,0.9920424403183024,0.007006463709478462
internal,transformer,34593,29566,110.98079343128579,class_conditional_rates_transport_to_assumed_prevalence,101.04850249173533,0.06770906044953229,0.001,10000,0.9932290939550468,0.01011496521438792
internal,transformer,34593,29566,199.46106501794512,class_conditional_rates_transport_to_assumed_prevalence,100.13815562244041,0.6770906044953229,0.01,10000,0.9932290939550468,0.01011496521438792
internal,transformer,34593,29566,592.7067165142087,class_conditional_rates_transport_to_assumed_prevalence,96.09216953668525,3.3854530224766144,0.05,10000,0.9932290939550468,0.01011496521438792
gold_plus_certified,cascade,2566,303,9055.810973167801,class_conditional_rates_transport_to_assumed_prevalence,9045.810973167801,0.0,0.001,10000,1.0,0.9054865839006808
gold_plus_certified,cascade,2566,303,9064.31718061674,class_conditional_rates_transport_to_assumed_prevalence,8964.31718061674,0.0,0.01,10000,1.0,0.9054865839006808
gold_plus_certified,cascade,2566,303,9102.122547056468,class_conditional_rates_transport_to_assumed_prevalence,8602.122547056468,0.0,0.05,10000,1.0,0.9054865839006808
gold_plus_certified,length_only,2566,303,946.5078674119087,class_conditional_rates_transport_to_assumed_prevalence,944.1890268321986,7.6811594202898545,0.001,10000,0.2318840579710145,0.09451341609931918
gold_plus_certified,length_only,2566,303,958.8712251803613,class_conditional_rates_transport_to_assumed_prevalence,935.6828193832599,76.81159420289855,0.01,10000,0.2318840579710145,0.09451341609931918
gold_plus_certified,length_only,2566,303,1013.8194819290394,class_conditional_rates_transport_to_assumed_prevalence,897.8774529435323,384.05797101449275,0.05,10000,0.2318840579710145,0.09451341609931918
gold_plus_certified,logistic_l1,2566,303,9055.810973167801,class_conditional_rates_transport_to_assumed_prevalence,9045.810973167801,0.0,0.001,10000,1.0,0.9054865839006808
gold_plus_certified,logistic_l1,2566,303,9064.31718061674,class_conditional_rates_transport_to_assumed_prevalence,8964.31718061674,0.0,0.01,10000,1.0,0.9054865839006808
gold_plus_certified,logistic_l1,2566,303,9102.122547056468,class_conditional_rates_transport_to_assumed_prevalence,8602.122547056468,0.0,0.05,10000,1.0,0.9054865839006808
gold_plus_certified,policy,2566,303,9927.985582699239,class_conditional_rates_transport_to_assumed_prevalence,9917.985582699239,0.0,0.001,10000,1.0,0.9927913496195434
gold_plus_certified,policy,2566,303,9928.634361233479,class_conditional_rates_transport_to_assumed_prevalence,9828.63436123348,0.0,0.01,10000,1.0,0.9927913496195434
gold_plus_certified,policy,2566,303,9931.517821385663,class_conditional_rates_transport_to_assumed_prevalence,9431.517821385662,0.0,0.05,10000,1.0,0.9927913496195434
gold_plus_certified,seed_42.cascade,2566,303,9055.810973167801,class_conditional_rates_transport_to_assumed_prevalence,9045.810973167801,0.0,0.001,10000,1.0,0.9054865839006808
gold_plus_certified,seed_42.cascade,2566,303,9064.31718061674,class_conditional_rates_transport_to_assumed_prevalence,8964.31718061674,0.0,0.01,10000,1.0,0.9054865839006808
gold_plus_certified,seed_42.cascade,2566,303,9102.122547056468,class_conditional_rates_transport_to_assumed_prevalence,8602.122547056468,0.0,0.05,10000,1.0,0.9054865839006808
gold_plus_certified,seed_42.transformer,2566,303,9927.985582699239,class_conditional_rates_transport_to_assumed_prevalence,9917.985582699239,0.0,0.001,10000,1.0,0.9927913496195434
gold_plus_certified,seed_42.transformer,2566,303,9928.634361233479,class_conditional_rates_transport_to_assumed_prevalence,9828.63436123348,0.0,0.01,10000,1.0,0.9927913496195434
gold_plus_certified,seed_42.transformer,2566,303,9931.517821385663,class_conditional_rates_transport_to_assumed_prevalence,9431.517821385662,0.0,0.05,10000,1.0,0.9927913496195434
gold_plus_certified,seed_43.cascade,2566,303,9055.810973167801,class_conditional_rates_transport_to_assumed_prevalence,9045.810973167801,0.0,0.001,10000,1.0,0.9054865839006808
gold_plus_certified,seed_43.cascade,2566,303,9064.31718061674,class_conditional_rates_transport_to_assumed_prevalence,8964.31718061674,0.0,0.01,10000,1.0,0.9054865839006808
gold_plus_certified,seed_43.cascade,2566,303,9102.122547056468,class_conditional_rates_transport_to_assumed_prevalence,8602.122547056468,0.0,0.05,10000,1.0,0.9054865839006808
gold_plus_certified,seed_43.transformer,2566,303,9931.986383660393,class_conditional_rates_transport_to_assumed_prevalence,9921.986383660393,0.0,0.001,10000,1.0,0.9931918301962355
gold_plus_certified,seed_43.transformer,2566,303,9932.599118942731,class_conditional_rates_transport_to_assumed_prevalence,9832.599118942731,0.0,0.01,10000,1.0,0.9931918301962355
gold_plus_certified,seed_43.transformer,2566,303,9935.322386864236,class_conditional_rates_transport_to_assumed_prevalence,9435.322386864236,0.0,0.05,10000,1.0,0.9931918301962355
gold_plus_certified,seed_44.cascade,2566,303,9055.810973167801,class_conditional_rates_transport_to_assumed_prevalence,9045.810973167801,0.0,0.001,10000,1.0,0.9054865839006808
gold_plus_certified,seed_44.cascade,2566,303,9064.31718061674,class_conditional_rates_transport_to_assumed_prevalence,8964.31718061674,0.0,0.01,10000,1.0,0.9054865839006808
gold_plus_certified,seed_44.cascade,2566,303,9102.122547056468,class_conditional_rates_transport_to_assumed_prevalence,8602.122547056468,0.0,0.05,10000,1.0,0.9054865839006808
gold_plus_certified,seed_44.transformer,2566,303,9931.986383660393,class_conditional_rates_transport_to_assumed_prevalence,9921.986383660393,0.0,0.001,10000,1.0,0.9931918301962355
gold_plus_certified,seed_44.transformer,2566,303,9932.599118942731,class_conditional_rates_transport_to_assumed_prevalence,9832.599118942731,0.0,0.01,10000,1.0,0.9931918301962355
gold_plus_certified,seed_44.transformer,2566,303,9935.322386864236,class_conditional_rates_transport_to_assumed_prevalence,9435.322386864236,0.0,0.05,10000,1.0,0.9931918301962355
gold_plus_certified,seed_45.cascade,2566,303,9055.810973167801,class_conditional_rates_transport_to_assumed_prevalence,9045.810973167801,0.0,0.001,10000,1.0,0.9054865839006808
gold_plus_certified,seed_45.cascade,2566,303,9064.31718061674,class_conditional_rates_transport_to_assumed_prevalence,8964.31718061674,0.0,0.01,10000,1.0,0.9054865839006808
gold_plus_certified,seed_45.cascade,2566,303,9102.122547056468,class_conditional_rates_transport_to_assumed_prevalence,8602.122547056468,0.0,0.05,10000,1.0,0.9054865839006808
gold_plus_certified,seed_45.transformer,2566,303,9935.987184621546,class_conditional_rates_transport_to_assumed_prevalence,9925.987184621546,0.0,0.001,10000,1.0,0.9935923107729275
gold_plus_certified,seed_45.transformer,2566,303,9936.563876651982,class_conditional_rates_transport_to_assumed_prevalence,9836.563876651982,0.0,0.01,10000,1.0,0.9935923107729275
gold_plus_certified,seed_45.transformer,2566,303,9939.126952342811,class_conditional_rates_transport_to_assumed_prevalence,9439.126952342811,0.0,0.05,10000,1.0,0.9935923107729275
gold_plus_certified,seed_46.cascade,2566,303,9055.810973167801,class_conditional_rates_transport_to_assumed_prevalence,9045.810973167801,0.0,0.001,10000,1.0,0.9054865839006808
gold_plus_certified,seed_46.cascade,2566,303,9064.31718061674,class_conditional_rates_transport_to_assumed_prevalence,8964.31718061674,0.0,0.01,10000,1.0,0.9054865839006808
gold_plus_certified,seed_46.cascade,2566,303,9102.122547056468,class_conditional_rates_transport_to_assumed_prevalence,8602.122547056468,0.0,0.05,10000,1.0,0.9054865839006808
gold_plus_certified,seed_46.transformer,2566,303,9931.986383660393,class_conditional_rates_transport_to_assumed_prevalence,9921.986383660393,0.0,0.001,10000,1.0,0.9931918301962355
gold_plus_certified,seed_46.transformer,2566,303,9932.599118942731,class_conditional_rates_transport_to_assumed_prevalence,9832.599118942731,0.0,0.01,10000,1.0,0.9931918301962355
gold_plus_certified,seed_46.transformer,2566,303,9935.322386864236,class_conditional_rates_transport_to_assumed_prevalence,9435.322386864236,0.0,0.05,10000,1.0,0.9931918301962355
gold_plus_certified,tabular.formatting,2566,303,100.0200240288346,class_conditional_rates_transport_to_assumed_prevalence,100.02002402883461,10.0,0.001,10000,0.0,0.010012014417300761
gold_plus_certified,tabular.formatting,2566,303,99.11894273127754,class_conditional_rates_transport_to_assumed_prevalence,99.11894273127754,100.0,0.01,10000,0.0,0.010012014417300761
gold_plus_certified,tabular.formatting,2566,303,95.11413696435723,class_conditional_rates_transport_to_assumed_prevalence,95.11413696435723,500.0,0.05,10000,0.0,0.010012014417300761
gold_plus_certified,tabular.permutation_42,2566,303,1293.7079858148618,class_conditional_rates_transport_to_assumed_prevalence,1292.258710452543,8.55072463768116,0.001,10000,0.14492753623188406,0.12935522627152582
gold_plus_certified,tabular.permutation_42,2566,303,1295.109493711294,class_conditional_rates_transport_to_assumed_prevalence,1280.6167400881056,85.5072463768116,0.01,10000,0.14492753623188406,0.12935522627152582
gold_plus_certified,tabular.permutation_42,2566,303,1301.3384176954373,class_conditional_rates_transport_to_assumed_prevalence,1228.8746495794953,427.536231884058,0.05,10000,0.14492753623188406,0.12935522627152582
gold_plus_certified,tabular.permutation_43,2566,303,1327.365766455979,class_conditional_rates_transport_to_assumed_prevalence,1320.2643171806167,2.8985507246376807,0.001,10000,0.7101449275362319,0.13215859030837004
gold_plus_certified,tabular.permutation_43,2566,303,1379.3845368064867,class_conditional_rates_transport_to_assumed_prevalence,1308.3700440528635,28.985507246376805,0.01,10000,0.7101449275362319,0.13215859030837004
gold_plus_certified,tabular.permutation_43,2566,303,1610.5790716976314,class_conditional_rates_transport_to_assumed_prevalence,1255.5066079295154,144.92753623188403,0.05,10000,0.7101449275362319,0.13215859030837004
gold_plus_certified,tabular.permutation_44,2566,303,876.4652655650548,class_conditional_rates_transport_to_assumed_prevalence,876.1754104925911,9.710144927536232,0.001,10000,0.028985507246376812,0.08770524629555466
gold_plus_certified,tabular.permutation_44,2566,303,871.1804890506288,class_conditional_rates_transport_to_assumed_prevalence,868.2819383259912,97.10144927536231,0.01,10000,0.028985507246376812,0.08770524629555466
gold_plus_certified,tabular.permutation_44,2566,303,847.6925934309577,class_conditional_rates_transport_to_assumed_prevalence,833.1998398077693,485.50724637681157,0.05,10000,0.028985507246376812,0.08770524629555466
gold_plus_certified,tabular.permutation_45,2566,303,144.60854474644935,class_conditional_rates_transport_to_assumed_prevalence,144.02883460152182,9.420289855072463,0.001,10000,0.057971014492753624,0.014417300760913096
gold_plus_certified,tabular.permutation_45,2566,303,148.528378982315,class_conditional_rates_transport_to_assumed_prevalence,142.73127753303964,94.20289855072464,0.01,10000,0.057971014492753624,0.014417300760913096
gold_plus_certified,tabular.permutation_45,2566,303,165.9498644750512,class_conditional_rates_transport_to_assumed_prevalence,136.9643572286744,471.0144927536232,0.05,10000,0.057971014492753624,0.014417300760913096
gold_plus_certified,tabular.permutation_46,2566,303,4956.382093294563,class_conditional_rates_transport_to_assumed_prevalence,4948.990788946736,2.6086956521739135,0.001,10000,0.7391304347826086,0.49539447336804165
gold_plus_certified,tabular.permutation_46,2566,303,4978.318329821873,class_conditional_rates_transport_to_assumed_prevalence,4904.405286343613,26.086956521739136,0.01,10000,0.7391304347826086,0.49539447336804165
gold_plus_certified,tabular.permutation_46,2566,303,5075.8127143877,class_conditional_rates_transport_to_assumed_prevalence,4706.247496996396,130.43478260869568,0.05,10000,0.7391304347826086,0.49539447336804165
gold_plus_certified,tabular.random_forest,2566,303,9135.826992390868,class_conditional_rates_transport_to_assumed_prevalence,9125.826992390868,0.0,0.001,10000,1.0,0.9134961954345214
gold_plus_certified,tabular.random_forest,2566,303,9143.61233480176,class_conditional_rates_transport_to_assumed_prevalence,9043.612334801763,0.0,0.01,10000,1.0,0.9134961954345214
gold_plus_certified,tabular.random_forest,2566,303,9178.213856627954,class_conditional_rates_transport_to_assumed_prevalence,8678.213856627954,0.0,0.05,10000,1.0,0.9134961954345214
gold_plus_certified,transformer,2566,303,9927.985582699239,class_conditional_rates_transport_to_assumed_prevalence,9917.985582699239,0.0,0.001,10000,1.0,0.9927913496195434
gold_plus_certified,transformer,2566,303,9928.634361233479,class_conditional_rates_transport_to_assumed_prevalence,9828.63436123348,0.0,0.01,10000,1.0,0.9927913496195434
gold_plus_certified,transformer,2566,303,9931.517821385663,class_conditional_rates_transport_to_assumed_prevalence,9431.517821385662,0.0,0.05,10000,1.0,0.9927913496195434
