stream,detector,rows,positive_decisions,00,01,10,11,changed_score_count,count,max_absolute_delta,mean_absolute_delta,mean_signed_delta
original,fixed_cascade,16370,6270,10100,0,0,6270,0,16370,0.0,0.0,0.0
original,gmm_policy,16370,6279,10091,0,0,6279,0,16370,0.0,0.0,0.0
original,length,16370,2139,14231,0,0,2139,0,16370,0.0,0.0,0.0
original,logistic_l1,16370,6270,10100,0,0,6270,0,16370,0.0,0.0,0.0
original,transformer_42,16370,6307,10063,0,0,6307,0,16370,0.0,0.0,0.0
ascii_scheme_host_uppercase,fixed_cascade,16370,6270,10100,0,0,6270,951,16370,0.08730864147751571,4.1952338823474344e-05,4.1952338823474344e-05
ascii_scheme_host_uppercase,gmm_policy,16370,6279,10091,0,0,6279,866,16370,0.23934292191228318,0.00015295809348407977,2.1508488061225716e-05
ascii_scheme_host_uppercase,length,16370,2139,14231,0,0,2139,0,16370,0.0,0.0,0.0
ascii_scheme_host_uppercase,logistic_l1,16370,6270,10100,0,0,6270,951,16370,0.08730864147751571,4.1952338823474344e-05,4.1952338823474344e-05
ascii_scheme_host_uppercase,transformer_42,16370,6307,10063,0,0,6307,0,16370,0.0,0.0,0.0
percent_escape_hex_uppercase,fixed_cascade,16370,6270,10100,0,0,6270,1,16370,1.1715073355844652e-12,7.156428439734057e-17,7.156428439734057e-17
percent_escape_hex_uppercase,gmm_policy,16370,6279,10091,0,0,6279,0,16370,0.0,0.0,0.0
percent_escape_hex_uppercase,length,16370,2139,14231,0,0,2139,0,16370,0.0,0.0,0.0
percent_escape_hex_uppercase,logistic_l1,16370,6270,10100,0,0,6270,1,16370,1.1715073355844652e-12,7.156428439734057e-17,7.156428439734057e-17
percent_escape_hex_uppercase,transformer_42,16370,6307,10063,0,0,6307,0,16370,0.0,0.0,0.0
first_literal_path_alphanumeric_percent_encode,fixed_cascade,16370,6270,10100,0,0,6270,926,16370,0.13286796497146258,5.84136821882953e-05,5.84136821882953e-05
first_literal_path_alphanumeric_percent_encode,gmm_policy,16370,6321,9986,105,63,6216,11769,16370,0.9988632677851105,0.0142860409990862,-0.0014707302842251301
first_literal_path_alphanumeric_percent_encode,length,16370,2187,14183,48,0,2139,1550,16370,0.054219347344070024,0.0018831561996430057,0.0018831561996430057
first_literal_path_alphanumeric_percent_encode,logistic_l1,16370,6270,10100,0,0,6270,926,16370,0.13286796497146258,5.84136821882953e-05,5.84136821882953e-05
first_literal_path_alphanumeric_percent_encode,transformer_42,16370,6321,10049,14,0,6307,1256,16370,0.9860942484810948,0.0013126853599441201,0.0012376717238578314
