population,seed,logical_band_count,rows,fraction
internal,42,0,34593,0.0
internal,43,0,34593,0.0
internal,44,0,34593,0.0
internal,45,0,34593,0.0
internal,46,0,34593,0.0
certified,42,0,2497,0.0
certified,43,0,2497,0.0
certified,44,0,2497,0.0
certified,45,0,2497,0.0
certified,46,0,2497,0.0
chongluadao_openphish_bronze,42,0,4555,0.0
chongluadao_openphish_bronze,43,0,4555,0.0
chongluadao_openphish_bronze,44,0,4555,0.0
chongluadao_openphish_bronze,45,0,4555,0.0
chongluadao_openphish_bronze,46,0,4555,0.0
gold,42,0,69,0.0
gold,43,0,69,0.0
gold,44,0,69,0.0
gold,45,0,69,0.0
gold,46,0,69,0.0
gold_plus_certified,42,0,2566,0.0
gold_plus_certified,43,0,2566,0.0
gold_plus_certified,44,0,2566,0.0
gold_plus_certified,45,0,2566,0.0
gold_plus_certified,46,0,2566,0.0
ncsc_silver,42,0,417,0.0
ncsc_silver,43,0,417,0.0
ncsc_silver,44,0,417,0.0
ncsc_silver,45,0,417,0.0
ncsc_silver,46,0,417,0.0
tranco,42,0,1163,0.0
tranco,43,0,1163,0.0
tranco,44,0,1163,0.0
tranco,45,0,1163,0.0
tranco,46,0,1163,0.0
