workload,concurrency,pair,client,manifest_sha256,request_count,request_errors,request_error_rate,p50_ms,p95_ms,p99_ms,measured_elapsed_ms,measured_drain_ms,client_attempts_per_second,successful_responses_per_second,admitted_requests,completed_requests,failed_requests,successful_transformer_scores,transformer_forward_attempts,all_latency_count,all_latency_p50_ms,all_latency_p95_ms,all_latency_p99_ms,success_latency_count,success_latency_p50_ms,success_latency_p95_ms,success_latency_p99_ms,failure_latency_count,failure_latency_p50_ms,failure_latency_p95_ms,failure_latency_p99_ms,error_types_correlation,error_types_http_status,error_types_invalid_json,error_types_invalid_schema,error_types_timeout,error_types_transport
no_model,1,1,shared,78367153247b6329b4641c50bd47a42c3a5aad192d9090521cc4d9be2a63d618,10000,0,0.0,0.927792,1.1002044999999994,1.2435424099999999,9604.970958,29.188292,1041.1275623557174,1041.1275623557174,10000,10000,0,0,0,10000,0.927792,1.1002044999999994,1.2435424099999999,10000,0.927792,1.1002044999999994,1.2435424099999999,0,,,,0,0,0,0,0,0
no_model,1,1,worker,78367153247b6329b4641c50bd47a42c3a5aad192d9090521cc4d9be2a63d618,10000,0,0.0,0.928209,1.1113791499999999,1.26233551,9635.411875,27.821042,1037.8383539520464,1037.8383539520464,10000,10000,0,0,0,10000,0.928209,1.1113791499999999,1.26233551,10000,0.928209,1.1113791499999999,1.26233551,0,,,,0,0,0,0,0,0
no_model,1,2,worker,78367153247b6329b4641c50bd47a42c3a5aad192d9090521cc4d9be2a63d618,10000,0,0.0,0.950583,1.12450625,1.27858525,9808.192083,27.192375,1019.5558891360264,1019.5558891360264,10000,10000,0,0,0,10000,0.950583,1.12450625,1.27858525,10000,0.950583,1.12450625,1.27858525,0,,,,0,0,0,0,0,0
no_model,1,2,shared,78367153247b6329b4641c50bd47a42c3a5aad192d9090521cc4d9be2a63d618,10000,0,0.0,0.9305414999999999,1.0941027499999998,1.2190636600000004,9599.818417,28.181792,1041.6863700558472,1041.6863700558472,10000,10000,0,0,0,10000,0.9305414999999999,1.0941027499999998,1.2190636600000004,10000,0.9305414999999999,1.0941027499999998,1.2190636600000004,0,,,,0,0,0,0,0,0
no_model,1,3,shared,78367153247b6329b4641c50bd47a42c3a5aad192d9090521cc4d9be2a63d618,10000,0,0.0,0.930375,1.10862705,1.2758257400000008,9655.865125,27.760791,1035.6399836311923,1035.6399836311923,10000,10000,0,0,0,10000,0.930375,1.10862705,1.2758257400000008,10000,0.930375,1.10862705,1.2758257400000008,0,,,,0,0,0,0,0,0
no_model,1,3,worker,78367153247b6329b4641c50bd47a42c3a5aad192d9090521cc4d9be2a63d618,10000,0,0.0,0.9306875,1.0957542,1.2386117500000007,9601.587083,35.835417,1041.4944856049274,1041.4944856049274,10000,10000,0,0,0,10000,0.9306875,1.0957542,1.2386117500000007,10000,0.9306875,1.0957542,1.2386117500000007,0,,,,0,0,0,0,0,0
no_model,1,4,worker,78367153247b6329b4641c50bd47a42c3a5aad192d9090521cc4d9be2a63d618,10000,0,0.0,0.932917,1.1181271,1.2720054200000002,9687.952292,28.805417,1032.2098724885009,1032.2098724885009,10000,10000,0,0,0,10000,0.932917,1.1181271,1.2720054200000002,10000,0.932917,1.1181271,1.2720054200000002,0,,,,0,0,0,0,0,0
no_model,1,4,shared,78367153247b6329b4641c50bd47a42c3a5aad192d9090521cc4d9be2a63d618,10000,0,0.0,0.929708,1.10154615,1.24179491,9607.226666,36.380334,1040.8831130621727,1040.8831130621727,10000,10000,0,0,0,10000,0.929708,1.10154615,1.24179491,10000,0.929708,1.10154615,1.24179491,0,,,,0,0,0,0,0,0
no_model,1,5,shared,78367153247b6329b4641c50bd47a42c3a5aad192d9090521cc4d9be2a63d618,10000,0,0.0,0.9292085,1.1098023999999997,1.2550435100000001,9654.83775,28.082791,1035.7501864803476,1035.7501864803476,10000,10000,0,0,0,10000,0.9292085,1.1098023999999997,1.2550435100000001,10000,0.9292085,1.1098023999999997,1.2550435100000001,0,,,,0,0,0,0,0,0
no_model,1,5,worker,78367153247b6329b4641c50bd47a42c3a5aad192d9090521cc4d9be2a63d618,10000,0,0.0,0.927875,1.0990041499999998,1.23971274,9588.5215,36.193625,1042.9136546233951,1042.9136546233951,10000,10000,0,0,0,10000,0.927875,1.0990041499999998,1.23971274,10000,0.927875,1.0990041499999998,1.23971274,0,,,,0,0,0,0,0,0
no_model,1,6,worker,78367153247b6329b4641c50bd47a42c3a5aad192d9090521cc4d9be2a63d618,10000,0,0.0,0.927292,1.096292,1.2330212500000006,9606.248125,27.743875,1040.9891426784272,1040.9891426784272,10000,10000,0,0,0,10000,0.927292,1.096292,1.2330212500000006,10000,0.927292,1.096292,1.2330212500000006,0,,,,0,0,0,0,0,0
no_model,1,6,shared,78367153247b6329b4641c50bd47a42c3a5aad192d9090521cc4d9be2a63d618,10000,0,0.0,0.9272085,1.0975124999999997,1.2525586600000005,9573.918916,27.430542,1044.5043547724151,1044.5043547724151,10000,10000,0,0,0,10000,0.9272085,1.0975124999999997,1.2525586600000005,10000,0.9272085,1.0975124999999997,1.2525586600000005,0,,,,0,0,0,0,0,0
no_model,1,7,shared,78367153247b6329b4641c50bd47a42c3a5aad192d9090521cc4d9be2a63d618,10000,0,0.0,0.9276875,1.0971416999999997,1.25616824,9621.89775,27.142459,1039.2960162146808,1039.2960162146808,10000,10000,0,0,0,10000,0.9276875,1.0971416999999997,1.25616824,10000,0.9276875,1.0971416999999997,1.25616824,0,,,,0,0,0,0,0,0
no_model,1,7,worker,78367153247b6329b4641c50bd47a42c3a5aad192d9090521cc4d9be2a63d618,10000,0,0.0,0.929792,1.1045,1.2852961700000003,9613.553083,34.921083,1040.198136283594,1040.198136283594,10000,10000,0,0,0,10000,0.929792,1.1045,1.2852961700000003,10000,0.929792,1.1045,1.2852961700000003,0,,,,0,0,0,0,0,0
no_model,1,8,worker,78367153247b6329b4641c50bd47a42c3a5aad192d9090521cc4d9be2a63d618,10000,0,0.0,0.9336045,1.1310207999999997,1.2928480100000002,9723.721542,29.14675,1028.4128311168374,1028.4128311168374,10000,10000,0,0,0,10000,0.9336045,1.1310207999999997,1.2928480100000002,10000,0.9336045,1.1310207999999997,1.2928480100000002,0,,,,0,0,0,0,0,0
no_model,1,8,shared,78367153247b6329b4641c50bd47a42c3a5aad192d9090521cc4d9be2a63d618,10000,0,0.0,0.9293955,1.1080166999999999,1.2363024100000002,9608.474625,34.858084,1040.747922045951,1040.747922045951,10000,10000,0,0,0,10000,0.9293955,1.1080166999999999,1.2363024100000002,10000,0.9293955,1.1080166999999999,1.2363024100000002,0,,,,0,0,0,0,0,0
no_model,1,9,shared,78367153247b6329b4641c50bd47a42c3a5aad192d9090521cc4d9be2a63d618,10000,0,0.0,0.9298955,1.1011416499999997,1.2430025000000002,9646.740167,27.948083,1036.6196069226003,1036.6196069226003,10000,10000,0,0,0,10000,0.9298955,1.1011416499999997,1.2430025000000002,10000,0.9298955,1.1011416499999997,1.2430025000000002,0,,,,0,0,0,0,0,0
no_model,1,9,worker,78367153247b6329b4641c50bd47a42c3a5aad192d9090521cc4d9be2a63d618,10000,0,0.0,0.926209,1.0941271,1.22917366,9561.470625,35.956291,1045.8642181939454,1045.8642181939454,10000,10000,0,0,0,10000,0.926209,1.0941271,1.22917366,10000,0.926209,1.0941271,1.22917366,0,,,,0,0,0,0,0,0
no_model,1,10,worker,78367153247b6329b4641c50bd47a42c3a5aad192d9090521cc4d9be2a63d618,10000,0,0.0,0.928791,1.1016690999999998,1.2671375000000002,9650.359125,27.624166,1036.230866693264,1036.230866693264,10000,10000,0,0,0,10000,0.928791,1.1016690999999998,1.2671375000000002,10000,0.928791,1.1016690999999998,1.2671375000000002,0,,,,0,0,0,0,0,0
no_model,1,10,shared,78367153247b6329b4641c50bd47a42c3a5aad192d9090521cc4d9be2a63d618,10000,0,0.0,0.9287704999999999,1.0979294999999998,1.2393003300000003,9591.342417,35.981584,1042.6069224966552,1042.6069224966552,10000,10000,0,0,0,10000,0.9287704999999999,1.0979294999999998,1.2393003300000003,10000,0.9287704999999999,1.0979294999999998,1.2393003300000003,0,,,,0,0,0,0,0,0
no_model,64,1,shared,78367153247b6329b4641c50bd47a42c3a5aad192d9090521cc4d9be2a63d618,10000,0,0.0,104.420146,341.8226652499998,514.2548975000002,21272.6325,38.519417,470.0875643858371,470.0875643858371,10000,10000,0,0,0,10000,104.420146,341.8226652499998,514.2548975000002,10000,104.420146,341.8226652499998,514.2548975000002,0,,,,0,0,0,0,0,0
no_model,64,1,worker,78367153247b6329b4641c50bd47a42c3a5aad192d9090521cc4d9be2a63d618,10000,0,0.0,36.0269165,66.5179691,76.61067699,6050.91225,28.510709,1652.6433679483619,1652.6433679483619,10000,10000,0,0,0,10000,36.0269165,66.5179691,76.61067699,10000,36.0269165,66.5179691,76.61067699,0,,,,0,0,0,0,0,0
no_model,64,2,worker,78367153247b6329b4641c50bd47a42c3a5aad192d9090521cc4d9be2a63d618,10000,0,0.0,35.9081875,66.2435452,74.33291642,6058.402625,29.351833,1650.600103521512,1650.600103521512,10000,10000,0,0,0,10000,35.9081875,66.2435452,74.33291642,10000,35.9081875,66.2435452,74.33291642,0,,,,0,0,0,0,0,0
no_model,64,2,shared,78367153247b6329b4641c50bd47a42c3a5aad192d9090521cc4d9be2a63d618,10000,0,0.0,104.06524999999999,350.9110309499999,519.8638696700002,21440.4865,29.33975,466.407327091202,466.407327091202,10000,10000,0,0,0,10000,104.06524999999999,350.9110309499999,519.8638696700002,10000,104.06524999999999,350.9110309499999,519.8638696700002,0,,,,0,0,0,0,0,0
no_model,64,3,shared,78367153247b6329b4641c50bd47a42c3a5aad192d9090521cc4d9be2a63d618,10000,0,0.0,100.8761245,327.2478267499999,488.07655550000004,20510.887792,29.686291,487.5459366464072,487.5459366464072,10000,10000,0,0,0,10000,100.8761245,327.2478267499999,488.07655550000004,10000,100.8761245,327.2478267499999,488.07655550000004,0,,,,0,0,0,0,0,0
no_model,64,3,worker,78367153247b6329b4641c50bd47a42c3a5aad192d9090521cc4d9be2a63d618,10000,0,0.0,35.842458,65.31617289999998,76.35712959,6046.464625,28.362166,1653.8590102145847,1653.8590102145847,10000,10000,0,0,0,10000,35.842458,65.31617289999998,76.35712959,10000,35.842458,65.31617289999998,76.35712959,0,,,,0,0,0,0,0,0
no_model,64,4,worker,78367153247b6329b4641c50bd47a42c3a5aad192d9090521cc4d9be2a63d618,10000,0,0.0,36.080938,69.33249025,79.13884176,6179.940083,28.19225,1618.138665698128,1618.138665698128,10000,10000,0,0,0,10000,36.080938,69.33249025,79.13884176,10000,36.080938,69.33249025,79.13884176,0,,,,0,0,0,0,0,0
no_model,64,4,shared,78367153247b6329b4641c50bd47a42c3a5aad192d9090521cc4d9be2a63d618,10000,0,0.0,110.70043749999999,362.31600655,551.7343823200005,22697.260875,28.991042,440.5817977364196,440.5817977364196,10000,10000,0,0,0,10000,110.70043749999999,362.31600655,551.7343823200005,10000,110.70043749999999,362.31600655,551.7343823200005,0,,,,0,0,0,0,0,0
no_model,64,5,shared,78367153247b6329b4641c50bd47a42c3a5aad192d9090521cc4d9be2a63d618,10000,0,0.0,104.286104,352.0578521,513.3220560800002,21307.893958,28.980667,469.3096380013437,469.3096380013437,10000,10000,0,0,0,10000,104.286104,352.0578521,513.3220560800002,10000,104.286104,352.0578521,513.3220560800002,0,,,,0,0,0,0,0,0
no_model,64,5,worker,78367153247b6329b4641c50bd47a42c3a5aad192d9090521cc4d9be2a63d618,10000,0,0.0,35.975229,67.2166774,79.05409175000001,6071.070333,29.117708,1647.156012284004,1647.156012284004,10000,10000,0,0,0,10000,35.975229,67.2166774,79.05409175000001,10000,35.975229,67.2166774,79.05409175000001,0,,,,0,0,0,0,0,0
no_model,64,6,worker,78367153247b6329b4641c50bd47a42c3a5aad192d9090521cc4d9be2a63d618,10000,0,0.0,35.493437,66.43191665,73.79113217,6022.564667,39.852834,1660.4221877091554,1660.4221877091554,10000,10000,0,0,0,10000,35.493437,66.43191665,73.79113217,10000,35.493437,66.43191665,73.79113217,0,,,,0,0,0,0,0,0
no_model,64,6,shared,78367153247b6329b4641c50bd47a42c3a5aad192d9090521cc4d9be2a63d618,10000,0,0.0,105.19116650000001,350.30350354999996,525.1848099100002,21688.959958,31.165792,461.0640629778786,461.0640629778786,10000,10000,0,0,0,10000,105.19116650000001,350.30350354999996,525.1848099100002,10000,105.19116650000001,350.30350354999996,525.1848099100002,0,,,,0,0,0,0,0,0
no_model,64,7,shared,78367153247b6329b4641c50bd47a42c3a5aad192d9090521cc4d9be2a63d618,10000,0,0.0,100.287146,332.1273121999997,500.80967866000026,20539.899666,30.330084,486.857295440111,486.857295440111,10000,10000,0,0,0,10000,100.287146,332.1273121999997,500.80967866000026,10000,100.287146,332.1273121999997,500.80967866000026,0,,,,0,0,0,0,0,0
no_model,64,7,worker,78367153247b6329b4641c50bd47a42c3a5aad192d9090521cc4d9be2a63d618,10000,0,0.0,35.496354,67.0118875,76.80453791000001,5983.51525,29.376208,1671.2583794283803,1671.2583794283803,10000,10000,0,0,0,10000,35.496354,67.0118875,76.80453791000001,10000,35.496354,67.0118875,76.80453791000001,0,,,,0,0,0,0,0,0
no_model,64,8,worker,78367153247b6329b4641c50bd47a42c3a5aad192d9090521cc4d9be2a63d618,10000,0,0.0,36.436729,67.92246105000001,80.43494134000001,6106.89575,29.779708,1637.4931568137545,1637.4931568137545,10000,10000,0,0,0,10000,36.436729,67.92246105000001,80.43494134000001,10000,36.436729,67.92246105000001,80.43494134000001,0,,,,0,0,0,0,0,0
no_model,64,8,shared,78367153247b6329b4641c50bd47a42c3a5aad192d9090521cc4d9be2a63d618,10000,0,0.0,104.83812499999999,354.3856288499998,507.5357205000001,21420.7575,28.791584,466.8368987417929,466.8368987417929,10000,10000,0,0,0,10000,104.83812499999999,354.3856288499998,507.5357205000001,10000,104.83812499999999,354.3856288499998,507.5357205000001,0,,,,0,0,0,0,0,0
no_model,64,9,shared,78367153247b6329b4641c50bd47a42c3a5aad192d9090521cc4d9be2a63d618,10000,0,0.0,101.3335415,335.70603365,498.4454695000001,20801.402042,29.5865,480.73682628743256,480.73682628743256,10000,10000,0,0,0,10000,101.3335415,335.70603365,498.4454695000001,10000,101.3335415,335.70603365,498.4454695000001,0,,,,0,0,0,0,0,0
no_model,64,9,worker,78367153247b6329b4641c50bd47a42c3a5aad192d9090521cc4d9be2a63d618,10000,0,0.0,35.738457999999994,68.17284025,79.46766849999999,6096.413291,29.36475,1640.3087393636483,1640.3087393636483,10000,10000,0,0,0,10000,35.738457999999994,68.17284025,79.46766849999999,10000,35.738457999999994,68.17284025,79.46766849999999,0,,,,0,0,0,0,0,0
no_model,64,10,worker,78367153247b6329b4641c50bd47a42c3a5aad192d9090521cc4d9be2a63d618,10000,0,0.0,35.262437000000006,66.33439165,84.65092116000001,6076.725375,28.621208,1645.6231576863056,1645.6231576863056,10000,10000,0,0,0,10000,35.262437000000006,66.33439165,84.65092116000001,10000,35.262437000000006,66.33439165,84.65092116000001,0,,,,0,0,0,0,0,0
no_model,64,10,shared,78367153247b6329b4641c50bd47a42c3a5aad192d9090521cc4d9be2a63d618,10000,0,0.0,104.3921665,350.3558319,521.2816691600002,21444.396417,30.53275,466.32228790886,466.32228790886,10000,10000,0,0,0,10000,104.3921665,350.3558319,521.2816691600002,10000,104.3921665,350.3558319,521.2816691600002,0,,,,0,0,0,0,0,0
structural_detector,1,1,shared,78367153247b6329b4641c50bd47a42c3a5aad192d9090521cc4d9be2a63d618,10000,0,0.0,1.16725,1.4180083499999998,1.6522795800000007,12196.8205,28.8535,819.8858054851262,819.8858054851262,10000,10000,0,0,0,10000,1.16725,1.4180083499999998,1.6522795800000007,10000,1.16725,1.4180083499999998,1.6522795800000007,0,,,,0,0,0,0,0,0
structural_detector,1,1,worker,78367153247b6329b4641c50bd47a42c3a5aad192d9090521cc4d9be2a63d618,10000,0,0.0,1.16225,1.41793365,1.6355350800000017,12170.970875,27.973459,821.6271407353934,821.6271407353934,10000,10000,0,0,0,10000,1.16225,1.41793365,1.6355350800000017,10000,1.16225,1.41793365,1.6355350800000017,0,,,,0,0,0,0,0,0
structural_detector,1,2,worker,78367153247b6329b4641c50bd47a42c3a5aad192d9090521cc4d9be2a63d618,10000,0,0.0,1.168583,1.42622565,1.646339080000001,12202.284209,28.089792,819.5186924612306,819.5186924612306,10000,10000,0,0,0,10000,1.168583,1.42622565,1.646339080000001,10000,1.168583,1.42622565,1.646339080000001,0,,,,0,0,0,0,0,0
structural_detector,1,2,shared,78367153247b6329b4641c50bd47a42c3a5aad192d9090521cc4d9be2a63d618,10000,0,0.0,1.1640205,1.4286711499999998,1.6460499100000001,12180.186125,28.672291,821.0055164489532,821.0055164489532,10000,10000,0,0,0,10000,1.1640205,1.4286711499999998,1.6460499100000001,10000,1.1640205,1.4286711499999998,1.6460499100000001,0,,,,0,0,0,0,0,0
structural_detector,1,3,shared,78367153247b6329b4641c50bd47a42c3a5aad192d9090521cc4d9be2a63d618,10000,0,0.0,1.162834,1.4133044499999998,1.61604325,12100.818458,29.581833,826.390382990076,826.390382990076,10000,10000,0,0,0,10000,1.162834,1.4133044499999998,1.61604325,10000,1.162834,1.4133044499999998,1.61604325,0,,,,0,0,0,0,0,0
structural_detector,1,3,worker,78367153247b6329b4641c50bd47a42c3a5aad192d9090521cc4d9be2a63d618,10000,0,0.0,1.16475,1.4262225999999998,1.6258502500000003,12131.326084,28.458041,824.3121923158092,824.3121923158092,10000,10000,0,0,0,10000,1.16475,1.4262225999999998,1.6258502500000003,10000,1.16475,1.4262225999999998,1.6258502500000003,0,,,,0,0,0,0,0,0
structural_detector,1,4,worker,78367153247b6329b4641c50bd47a42c3a5aad192d9090521cc4d9be2a63d618,10000,0,0.0,1.175875,1.4413360499999999,1.64120967,12241.9565,28.687333,816.8628927900536,816.8628927900536,10000,10000,0,0,0,10000,1.175875,1.4413360499999999,1.64120967,10000,1.175875,1.4413360499999999,1.64120967,0,,,,0,0,0,0,0,0
structural_detector,1,4,shared,78367153247b6329b4641c50bd47a42c3a5aad192d9090521cc4d9be2a63d618,10000,0,0.0,1.162708,1.4102832999999995,1.62175125,12100.805625,28.473041,826.3912593836081,826.3912593836081,10000,10000,0,0,0,10000,1.162708,1.4102832999999995,1.62175125,10000,1.162708,1.4102832999999995,1.62175125,0,,,,0,0,0,0,0,0
structural_detector,1,5,shared,78367153247b6329b4641c50bd47a42c3a5aad192d9090521cc4d9be2a63d618,10000,0,0.0,1.183625,1.4393086499999999,1.6283829200000002,12276.010667,29.122584,814.5968809624528,814.5968809624528,10000,10000,0,0,0,10000,1.183625,1.4393086499999999,1.6283829200000002,10000,1.183625,1.4393086499999999,1.6283829200000002,0,,,,0,0,0,0,0,0
structural_detector,1,5,worker,78367153247b6329b4641c50bd47a42c3a5aad192d9090521cc4d9be2a63d618,10000,0,0.0,1.1749165000000001,1.4103066,1.5904422600000006,12200.855042,28.461625,819.6146881162167,819.6146881162167,10000,10000,0,0,0,10000,1.1749165000000001,1.4103066,1.5904422600000006,10000,1.1749165000000001,1.4103066,1.5904422600000006,0,,,,0,0,0,0,0,0
structural_detector,1,6,worker,78367153247b6329b4641c50bd47a42c3a5aad192d9090521cc4d9be2a63d618,10000,0,0.0,1.1728125,1.42825415,1.6053003300000002,12195.473167,28.461875,819.9763849310267,819.9763849310267,10000,10000,0,0,0,10000,1.1728125,1.42825415,1.6053003300000002,10000,1.1728125,1.42825415,1.6053003300000002,0,,,,0,0,0,0,0,0
structural_detector,1,6,shared,78367153247b6329b4641c50bd47a42c3a5aad192d9090521cc4d9be2a63d618,10000,0,0.0,1.1688125,1.4163526999999998,1.61588583,12157.205209,27.840209,822.5574733736487,822.5574733736487,10000,10000,0,0,0,10000,1.1688125,1.4163526999999998,1.61588583,10000,1.1688125,1.4163526999999998,1.61588583,0,,,,0,0,0,0,0,0
structural_detector,1,7,shared,78367153247b6329b4641c50bd47a42c3a5aad192d9090521cc4d9be2a63d618,10000,0,0.0,1.1741665000000001,1.44866905,1.6567150900000003,12246.796708,43.11775,816.5400503029236,816.5400503029236,10000,10000,0,0,0,10000,1.1741665000000001,1.44866905,1.6567150900000003,10000,1.1741665000000001,1.44866905,1.6567150900000003,0,,,,0,0,0,0,0,0
structural_detector,1,7,worker,78367153247b6329b4641c50bd47a42c3a5aad192d9090521cc4d9be2a63d618,10000,0,0.0,1.169,1.42113125,1.6112217500000003,12167.932834,38.944125,821.832281327006,821.832281327006,10000,10000,0,0,0,10000,1.169,1.42113125,1.6112217500000003,10000,1.169,1.42113125,1.6112217500000003,0,,,,0,0,0,0,0,0
structural_detector,1,8,worker,78367153247b6329b4641c50bd47a42c3a5aad192d9090521cc4d9be2a63d618,10000,0,0.0,1.1661875,1.4415,1.6647350900000006,12225.398208,28.747625,817.9692661017982,817.9692661017982,10000,10000,0,0,0,10000,1.1661875,1.4415,1.6647350900000006,10000,1.1661875,1.4415,1.6647350900000006,0,,,,0,0,0,0,0,0
structural_detector,1,8,shared,78367153247b6329b4641c50bd47a42c3a5aad192d9090521cc4d9be2a63d618,10000,0,0.0,1.1679375,1.4195228999999996,1.5980349100000026,12189.948,27.639792,820.3480441426001,820.3480441426001,10000,10000,0,0,0,10000,1.1679375,1.4195228999999996,1.5980349100000026,10000,1.1679375,1.4195228999999996,1.5980349100000026,0,,,,0,0,0,0,0,0
structural_detector,1,9,shared,78367153247b6329b4641c50bd47a42c3a5aad192d9090521cc4d9be2a63d618,10000,0,0.0,1.1729585,1.423792,1.6564333400000013,12275.337708,27.990125,814.6415388216055,814.6415388216055,10000,10000,0,0,0,10000,1.1729585,1.423792,1.6564333400000013,10000,1.1729585,1.423792,1.6564333400000013,0,,,,0,0,0,0,0,0
structural_detector,1,9,worker,78367153247b6329b4641c50bd47a42c3a5aad192d9090521cc4d9be2a63d618,10000,0,0.0,1.171188,1.43038125,1.6415780900000008,12230.384958,28.546666,817.6357518050904,817.6357518050904,10000,10000,0,0,0,10000,1.171188,1.43038125,1.6415780900000008,10000,1.171188,1.43038125,1.6415780900000008,0,,,,0,0,0,0,0,0
structural_detector,1,10,worker,78367153247b6329b4641c50bd47a42c3a5aad192d9090521cc4d9be2a63d618,10000,0,0.0,1.170521,1.4217517499999994,1.6440669900000004,12220.1785,28.513542,818.3186522193599,818.3186522193599,10000,10000,0,0,0,10000,1.170521,1.4217517499999994,1.6440669900000004,10000,1.170521,1.4217517499999994,1.6440669900000004,0,,,,0,0,0,0,0,0
structural_detector,1,10,shared,78367153247b6329b4641c50bd47a42c3a5aad192d9090521cc4d9be2a63d618,10000,0,0.0,1.1685625,1.42000205,1.62137709,12161.488625,28.529458,822.2677591823181,822.2677591823181,10000,10000,0,0,0,10000,1.1685625,1.42000205,1.62137709,10000,1.1685625,1.42000205,1.62137709,0,,,,0,0,0,0,0,0
structural_detector,64,1,shared,78367153247b6329b4641c50bd47a42c3a5aad192d9090521cc4d9be2a63d618,10000,0,0.0,104.7117505,343.15523749999954,530.4819355100001,21371.482084,29.828875,467.91326688038225,467.91326688038225,10000,10000,0,0,0,10000,104.7117505,343.15523749999954,530.4819355100001,10000,104.7117505,343.15523749999954,530.4819355100001,0,,,,0,0,0,0,0,0
structural_detector,64,1,worker,78367153247b6329b4641c50bd47a42c3a5aad192d9090521cc4d9be2a63d618,10000,0,0.0,37.4454585,72.60553750000001,91.08539967000002,6591.054125,29.62675,1517.2079928868739,1517.2079928868739,10000,10000,0,0,0,10000,37.4454585,72.60553750000001,91.08539967000002,10000,37.4454585,72.60553750000001,91.08539967000002,0,,,,0,0,0,0,0,0
structural_detector,64,2,worker,78367153247b6329b4641c50bd47a42c3a5aad192d9090521cc4d9be2a63d618,10000,0,0.0,36.7496875,67.2667232,78.70879324,6346.682208,28.657625,1575.6263938022591,1575.6263938022591,10000,10000,0,0,0,10000,36.7496875,67.2667232,78.70879324,10000,36.7496875,67.2667232,78.70879324,0,,,,0,0,0,0,0,0
structural_detector,64,2,shared,78367153247b6329b4641c50bd47a42c3a5aad192d9090521cc4d9be2a63d618,10000,1,0.0001,109.838729,372.0022752999999,560.7153525900001,22608.376875,29.547459,442.3139288277633,442.2696974348805,9999,9999,0,0,0,10000,109.838729,372.0022752999999,560.7153525900001,9999,109.822042,371.7899667000001,559.2592289800007,1,2019.144208,2019.144208,2019.144208,0,0,0,0,1,0
structural_detector,64,3,shared,78367153247b6329b4641c50bd47a42c3a5aad192d9090521cc4d9be2a63d618,10000,0,0.0,105.987583,359.2444535499998,531.0068621700004,21911.170125,30.084375,456.38822312781434,456.38822312781434,10000,10000,0,0,0,10000,105.987583,359.2444535499998,531.0068621700004,10000,105.987583,359.2444535499998,531.0068621700004,0,,,,0,0,0,0,0,0
structural_detector,64,3,worker,78367153247b6329b4641c50bd47a42c3a5aad192d9090521cc4d9be2a63d618,10000,0,0.0,37.265938,70.00935059999999,79.75300791,6521.238292,28.722708,1533.4510950577605,1533.4510950577605,10000,10000,0,0,0,10000,37.265938,70.00935059999999,79.75300791,10000,37.265938,70.00935059999999,79.75300791,0,,,,0,0,0,0,0,0
structural_detector,64,4,worker,78367153247b6329b4641c50bd47a42c3a5aad192d9090521cc4d9be2a63d618,10000,0,0.0,37.757979000000006,72.85676635,87.77623625000012,6622.541083,28.903042,1509.9944076858812,1509.9944076858812,10000,10000,0,0,0,10000,37.757979000000006,72.85676635,87.77623625000012,10000,37.757979000000006,72.85676635,87.77623625000012,0,,,,0,0,0,0,0,0
structural_detector,64,4,shared,78367153247b6329b4641c50bd47a42c3a5aad192d9090521cc4d9be2a63d618,10000,0,0.0,108.66131200000001,358.85747564999997,520.3861805100005,22211.685417,29.241917,450.21347152460436,450.21347152460436,10000,10000,0,0,0,10000,108.66131200000001,358.85747564999997,520.3861805100005,10000,108.66131200000001,358.85747564999997,520.3861805100005,0,,,,0,0,0,0,0,0
structural_detector,64,5,shared,78367153247b6329b4641c50bd47a42c3a5aad192d9090521cc4d9be2a63d618,10000,0,0.0,116.25806299999999,397.67495625,590.7496499200001,23999.644625,30.364125,416.67283646288575,416.67283646288575,10000,10000,0,0,0,10000,116.25806299999999,397.67495625,590.7496499200001,10000,116.25806299999999,397.67495625,590.7496499200001,0,,,,0,0,0,0,0,0
structural_detector,64,5,worker,78367153247b6329b4641c50bd47a42c3a5aad192d9090521cc4d9be2a63d618,10000,0,0.0,37.331875,71.59494344999992,83.36684092,6525.138708,29.704291,1532.5344712963301,1532.5344712963301,10000,10000,0,0,0,10000,37.331875,71.59494344999992,83.36684092,10000,37.331875,71.59494344999992,83.36684092,0,,,,0,0,0,0,0,0
structural_detector,64,6,worker,78367153247b6329b4641c50bd47a42c3a5aad192d9090521cc4d9be2a63d618,10000,0,0.0,37.906853999999996,74.7203816,83.12855191000004,6649.581041,27.867541,1503.8541433425623,1503.8541433425623,10000,10000,0,0,0,10000,37.906853999999996,74.7203816,83.12855191000004,10000,37.906853999999996,74.7203816,83.12855191000004,0,,,,0,0,0,0,0,0
structural_detector,64,6,shared,78367153247b6329b4641c50bd47a42c3a5aad192d9090521cc4d9be2a63d618,10000,0,0.0,104.44300000000001,342.2971672999999,509.2988861700005,21157.953083,28.274792,472.6355125550781,472.6355125550781,10000,10000,0,0,0,10000,104.44300000000001,342.2971672999999,509.2988861700005,10000,104.44300000000001,342.2971672999999,509.2988861700005,0,,,,0,0,0,0,0,0
structural_detector,64,7,shared,78367153247b6329b4641c50bd47a42c3a5aad192d9090521cc4d9be2a63d618,10000,0,0.0,111.2082915,362.0758916999999,548.16277417,22614.615875,29.7625,442.1919017008287,442.1919017008287,10000,10000,0,0,0,10000,111.2082915,362.0758916999999,548.16277417,10000,111.2082915,362.0758916999999,548.16277417,0,,,,0,0,0,0,0,0
structural_detector,64,7,worker,78367153247b6329b4641c50bd47a42c3a5aad192d9090521cc4d9be2a63d618,10000,0,0.0,36.747749999999996,74.31300835,88.37029699,6557.392625,29.171208,1524.9963776570416,1524.9963776570416,10000,10000,0,0,0,10000,36.747749999999996,74.31300835,88.37029699,10000,36.747749999999996,74.31300835,88.37029699,0,,,,0,0,0,0,0,0
structural_detector,64,8,worker,78367153247b6329b4641c50bd47a42c3a5aad192d9090521cc4d9be2a63d618,10000,0,0.0,37.46725000000001,71.75550205,81.88838833999999,6567.57875,29.175625,1522.6311523101265,1522.6311523101265,10000,10000,0,0,0,10000,37.46725000000001,71.75550205,81.88838833999999,10000,37.46725000000001,71.75550205,81.88838833999999,0,,,,0,0,0,0,0,0
structural_detector,64,8,shared,78367153247b6329b4641c50bd47a42c3a5aad192d9090521cc4d9be2a63d618,10000,0,0.0,105.86987450000001,352.65240625,520.59595241,21544.418375,30.31775,464.15734349106094,464.15734349106094,10000,10000,0,0,0,10000,105.86987450000001,352.65240625,520.59595241,10000,105.86987450000001,352.65240625,520.59595241,0,,,,0,0,0,0,0,0
structural_detector,64,9,shared,78367153247b6329b4641c50bd47a42c3a5aad192d9090521cc4d9be2a63d618,10000,0,0.0,102.89462499999999,341.7835308999994,511.14436316000007,21023.185292,28.595292,475.6653124208216,475.6653124208216,10000,10000,0,0,0,10000,102.89462499999999,341.7835308999994,511.14436316000007,10000,102.89462499999999,341.7835308999994,511.14436316000007,0,,,,0,0,0,0,0,0
structural_detector,64,9,worker,78367153247b6329b4641c50bd47a42c3a5aad192d9090521cc4d9be2a63d618,10000,0,0.0,37.4354785,73.63189025,89.8966312500001,6624.914875,28.772,1509.4533573157798,1509.4533573157798,10000,10000,0,0,0,10000,37.4354785,73.63189025,89.8966312500001,10000,37.4354785,73.63189025,89.8966312500001,0,,,,0,0,0,0,0,0
structural_detector,64,10,worker,78367153247b6329b4641c50bd47a42c3a5aad192d9090521cc4d9be2a63d618,10000,0,0.0,37.387603999999996,71.29433545,81.25826792000001,6494.38975,29.222833,1539.7905553789715,1539.7905553789715,10000,10000,0,0,0,10000,37.387603999999996,71.29433545,81.25826792000001,10000,37.387603999999996,71.29433545,81.25826792000001,0,,,,0,0,0,0,0,0
structural_detector,64,10,shared,78367153247b6329b4641c50bd47a42c3a5aad192d9090521cc4d9be2a63d618,10000,0,0.0,106.5922085,353.73326875,514.9934570800004,21752.379625,29.64375,459.7198178955558,459.7198178955558,10000,10000,0,0,0,10000,106.5922085,353.73326875,514.9934570800004,10000,106.5922085,353.73326875,514.9934570800004,0,,,,0,0,0,0,0,0
