workload,concurrency,pair,shared_p95_ms,worker_p95_ms,ratio,requested,both_successful,exact_except_request_id,prediction_agreement,noncomparable_errors
no_model,1,1,1.1002044999999994,1.1113791499999999,1.010156884470115,10000,10000,10000,10000,0
no_model,1,2,1.0941027499999998,1.12450625,1.0277885235184723,10000,10000,10000,10000,0
no_model,1,3,1.10862705,1.0957542,0.9883884756375014,10000,10000,10000,10000,0
no_model,1,4,1.10154615,1.1181271,1.0150524333456206,10000,10000,10000,10000,0
no_model,1,5,1.1098023999999997,1.0990041499999998,0.9902701147519596,10000,10000,10000,10000,0
no_model,1,6,1.0975124999999997,1.096292,0.9988879397728959,10000,10000,10000,10000,0
no_model,1,7,1.0971416999999997,1.1045,1.0067067909277356,10000,10000,10000,10000,0
no_model,1,8,1.1080166999999999,1.1310207999999997,1.0207615101830143,10000,10000,10000,10000,0
no_model,1,9,1.1011416499999997,1.0941271,0.993629747816732,10000,10000,10000,10000,0
no_model,1,10,1.0979294999999998,1.1016690999999998,1.0034060474739044,10000,10000,10000,10000,0
no_model,64,1,341.8226652499998,66.5179691,0.19459788908775424,10000,10000,67,10000,0
no_model,64,2,350.9110309499999,66.2435452,0.18877589861071883,10000,10000,80,10000,0
no_model,64,3,327.2478267499999,65.31617289999998,0.19959238094466583,10000,10000,79,10000,0
no_model,64,4,362.31600655,69.33249025,0.19135916988650087,10000,10000,79,10000,0
no_model,64,5,352.0578521,67.2166774,0.1909250908595201,10000,10000,78,10000,0
no_model,64,6,350.30350354999996,66.43191665,0.189641028356195,10000,10000,78,10000,0
no_model,64,7,332.1273121999997,67.0118875,0.20176566346235,10000,10000,72,10000,0
no_model,64,8,354.3856288499998,67.92246105000001,0.19166257184415747,10000,10000,57,10000,0
no_model,64,9,335.70603365,68.17284025,0.20307302644752448,10000,10000,63,10000,0
no_model,64,10,350.3558319,66.33439165,0.18933434414453656,10000,10000,73,10000,0
structural_detector,1,1,1.4180083499999998,1.41793365,0.9999473204794599,10000,10000,10000,10000,0
structural_detector,1,2,1.4286711499999998,1.42622565,0.9982882694873485,10000,10000,10000,10000,0
structural_detector,1,3,1.4133044499999998,1.4262225999999998,1.0091403872675841,10000,10000,10000,10000,0
structural_detector,1,4,1.4102832999999995,1.4413360499999999,1.0220188028887531,10000,10000,10000,10000,0
structural_detector,1,5,1.4393086499999999,1.4103066,0.9798500134074787,10000,10000,10000,10000,0
structural_detector,1,6,1.4163526999999998,1.42825415,1.0084028858066216,10000,10000,10000,10000,0
structural_detector,1,7,1.44866905,1.42113125,0.980990965465853,10000,10000,10000,10000,0
structural_detector,1,8,1.4195228999999996,1.4415,1.0154820327308565,10000,10000,10000,10000,0
structural_detector,1,9,1.423792,1.43038125,1.0046279582972795,10000,10000,10000,10000,0
structural_detector,1,10,1.42000205,1.4217517499999994,1.0012321813197378,10000,10000,10000,10000,0
structural_detector,64,1,343.15523749999954,72.60553750000001,0.21158219244723056,10000,10000,85,10000,0
structural_detector,64,2,371.7899667000001,67.2667232,0.18092667695435147,10000,9999,83,9999,1
structural_detector,64,3,359.2444535499998,70.00935059999999,0.19487941959347763,10000,10000,71,10000,0
structural_detector,64,4,358.85747564999997,72.85676635,0.20302424024477755,10000,10000,79,10000,0
structural_detector,64,5,397.67495625,71.59494344999992,0.18003382492356765,10000,10000,89,10000,0
structural_detector,64,6,342.2971672999999,74.7203816,0.21829097269307146,10000,10000,80,10000,0
structural_detector,64,7,362.0758916999999,74.31300835,0.20524152547436791,10000,10000,75,10000,0
structural_detector,64,8,352.65240625,71.75550205,0.2034737344146507,10000,10000,84,10000,0
structural_detector,64,9,341.7835308999994,73.63189025,0.21543428396362246,10000,10000,71,10000,0
structural_detector,64,10,353.73326875,71.29433545,0.20154829004898345,10000,10000,82,10000,0
